wallet_id,tx_hash,timestamp,function,token,amount
0x06b51c6882b27cb05e712185531c1f74996dd988,0x25b33b7a990646ab6c0f22d2c4e91fe563bbd9b02e361de589e7c1971e69e840,2020-10-16T00:16:57Z,Mint,,
0x0795732aacc448030ef374374eaae57d2965c16c,0x22d03ef2de5abcb5dd724279e59b050c995d6b6308ff31caccb0dfffdb6641e0,2020-11-25T13:13:37Z,Mint,,
0x0aaa79f1a86bc8136cd0d1ca0d51964f4e3766f9,0xe74e61815250aae8a2cab45a4ab4a98bcda6a3832591a0bac1ebc6b88967371a,2020-12-12T06:15:09Z,Mint,,
0x0aaa79f1a86bc8136cd0d1ca0d51964f4e3766f9,0xbe53512ce3ee86d9ce1e6ccd34ae29befd4a3ebd56a810996d4bf490096cfa29,2020-09-23T22:40:14Z,Mint,,
0x0aaa79f1a86bc8136cd0d1ca0d51964f4e3766f9,0x13cd6337b7ddf0dd043031d45227392deb948e88d302e8f3ebd33935a795d94b,2019-07-28T05:17:20Z,Mint,,5752001003419337
0x0aaa79f1a86bc8136cd0d1ca0d51964f4e3766f9,0x13cd6337b7ddf0dd043031d45227392deb948e88d302e8f3ebd33935a795d94b,2019-07-28T05:17:20Z,Mint,,60000000000000000
0x0fe383e5abc200055a7f391f94a5f5d1f844b9ae,0x936f794a8eed05ee88765e3ddabb666473210fb189867f647fbb0a38e7e986a6,2020-10-21T13:02:48Z,Mint,,
0x104ae61d8d487ad689969a17807ddc338b445416,0x44347e686635e8ae9efa4b2ba9703144ca6fd40921c7fa1446a0cdd7cca93a89,2020-12-16T05:19:37Z,Mint,,
0x111c7208a7e2af345d36b6d4aace8740d61a3078,0x654be57c6882ccff265a146e897dfe6fde850baa1ca29a9a5314874fb3aed36b,2020-11-05T19:38:35Z,Mint,,
0x124853fecb522c57d9bd5c21231058696ca6d596,0x414296d05d8725ea110f5c1808ddaf906618f9515e843128ccc232462b1b68ad,2020-11-08T05:26:05Z,Redeem,,
0x124853fecb522c57d9bd5c21231058696ca6d596,0x2b7ee51ffc617958dc0c13aa5622999cc5a030dd14bd09f60bbd9442bdbac869,2020-11-08T05:26:04Z,Mint,,
0x124853fecb522c57d9bd5c21231058696ca6d596,0xa90ebd659a734068cb11df27e1f90e8549c8b746b963d9f248fbe62a85b37373,2020-11-08T05:01:17Z,Mint,,
0x13b1c8b0e696aff8b4fee742119b549b605f3cbc,0x398f8aa6cd81d63253e45a142a23bfa4d3c071ad58ff40d1cf50698078ea4739,2020-12-14T07:25:50Z,Mint,,
0x1656f1886c5ab634ac19568cd571bc72f385fdf7,0x25dd9f09be448680bd8d9a1dbe9491dd802178100beb70177fd58f58df0130ae,2021-06-10T14:21:49Z,Redeem,,
0x1656f1886c5ab634ac19568cd571bc72f385fdf7,0x5eba4dd05583e917dac105e944642c8f51e09a76a54b130ec08c131870c11a91,2021-06-10T14:20:15Z,DistributedBorrowerComp,,
0x1656f1886c5ab634ac19568cd571bc72f385fdf7,0x5eba4dd05583e917dac105e944642c8f51e09a76a54b130ec08c131870c11a91,2021-06-10T14:20:15Z,RepayBorrow,,
0x1656f1886c5ab634ac19568cd571bc72f385fdf7,0x8a8b531f2f646cbf4c8a4a3e0b4f63fcf25214a634eeebaf200ea6cf3d3a8389,2021-06-10T14:16:53Z,Redeem,,
0x1656f1886c5ab634ac19568cd571bc72f385fdf7,0xd2b668a8aed84355c01baa8d45db5b06636af55d77815964461498d12b593a4d,2021-06-10T14:14:53Z,DistributedBorrowerComp,,
0x1656f1886c5ab634ac19568cd571bc72f385fdf7,0xd2b668a8aed84355c01baa8d45db5b06636af55d77815964461498d12b593a4d,2021-06-10T14:14:53Z,RepayBorrow,,
0x1656f1886c5ab634ac19568cd571bc72f385fdf7,0x290ba91e38c95359feafd61f15ccaed96c84cdbd182291fc85c8005fce23ebc6,2021-06-10T14:10:30Z,Redeem,,
0x1656f1886c5ab634ac19568cd571bc72f385fdf7,0x62e20a387ada0b67e2d1c66948bdfeee2c6c7c08e6d74dee2cf80f1b2c1972ca,2021-06-09T12:24:41Z,Mint,,
0x1656f1886c5ab634ac19568cd571bc72f385fdf7,0xb4ab6a22a49c8181919f930fa7101ee0634c319251f0ca6dc0d61ee6bbbb197b,2021-06-09T12:22:15Z,DistributedBorrowerComp,,
0x1656f1886c5ab634ac19568cd571bc72f385fdf7,0xb4ab6a22a49c8181919f930fa7101ee0634c319251f0ca6dc0d61ee6bbbb197b,2021-06-09T12:22:15Z,Borrow,,
0x1656f1886c5ab634ac19568cd571bc72f385fdf7,0xb41069ef6c223bafb2b34444f0e94603489346e8071f11fe06e558951b603fdc,2021-06-09T12:09:28Z,Mint,,
0x1656f1886c5ab634ac19568cd571bc72f385fdf7,0x02a8ddfb2892a17d929fbac3e3835e1e8eb7902a0cbb0f24b8774244265eba19,2021-06-09T12:09:28Z,Mint,,
0x1656f1886c5ab634ac19568cd571bc72f385fdf7,0x8e579a2f81ca0b0f8ba5bd9cc51e9bd899df2de7c02a6ca5e687c90bb88be5a9,2021-06-09T11:44:19Z,DistributedBorrowerComp,,
0x1656f1886c5ab634ac19568cd571bc72f385fdf7,0x8e579a2f81ca0b0f8ba5bd9cc51e9bd899df2de7c02a6ca5e687c90bb88be5a9,2021-06-09T11:44:19Z,Borrow,,
0x1656f1886c5ab634ac19568cd571bc72f385fdf7,0x8cfaa5041142b11eca9ee216fb17b8ad506240692a62e86959e1c29894974514,2021-06-09T07:54:44Z,Mint,,
0x1656f1886c5ab634ac19568cd571bc72f385fdf7,0x40114bc244f58c887505230f90712df750287151d93ca13184cac14147eb4949,2021-05-05T22:15:22Z,Redeem,,
0x1656f1886c5ab634ac19568cd571bc72f385fdf7,0x32236034d4867f6a1cbec0be11800a5524305d7f86f67b65bb6376ff37fc13b7,2021-05-05T22:05:38Z,Mint,,
0x1656f1886c5ab634ac19568cd571bc72f385fdf7,0x31c6f1e73a4e3b7df2874dd0afe1840b0d41e5a2919137ad19b74e1281f4e232,2021-05-05T22:03:05Z,Redeem,,
0x1656f1886c5ab634ac19568cd571bc72f385fdf7,0xed5dd8c075d66b3dff49adc0b60fee4d54cc588b3bad6e52756c1bbd79485912,2021-05-05T22:00:05Z,DistributedBorrowerComp,,
0x1656f1886c5ab634ac19568cd571bc72f385fdf7,0xed5dd8c075d66b3dff49adc0b60fee4d54cc588b3bad6e52756c1bbd79485912,2021-05-05T22:00:05Z,RepayBorrow,,
0x1656f1886c5ab634ac19568cd571bc72f385fdf7,0xc144ed1c88349ea6730fe1e6bacfb97741bd389e39b58ef477d86bfee4a3debb,2021-05-05T21:56:49Z,Redeem,,
0x1656f1886c5ab634ac19568cd571bc72f385fdf7,0x978e38233448c10c1f79f349348c4fda1d0b59e55c33157f494749c7709dd507,2021-05-05T21:55:43Z,DistributedBorrowerComp,,
0x1656f1886c5ab634ac19568cd571bc72f385fdf7,0x978e38233448c10c1f79f349348c4fda1d0b59e55c33157f494749c7709dd507,2021-05-05T21:55:43Z,RepayBorrow,,
0x1724e16cb8d0e2aa4d08035bc6b5c56b680a3b22,0x9d877037f025a90dd83c73e9258309806a70cef0564afcd9078065d8655c3632,2021-06-27T16:56:36Z,Mint,,
0x19df3e87f73c4aaf4809295561465b993e102668,0x8b25f39969785a8ccc313cfb7115feba3c8b08cf2fb5a505f3c2e8ab21c40e78,2020-10-15T02:22:54Z,Mint,,
0x19df3e87f73c4aaf4809295561465b993e102668,0xbbfe018545fedb0c4843d5dc7a29916e58d05614eb14d2262f388ff9889ba583,2019-08-02T17:34:26Z,Mint,,5751995023922424
0x19df3e87f73c4aaf4809295561465b993e102668,0xbbfe018545fedb0c4843d5dc7a29916e58d05614eb14d2262f388ff9889ba583,2019-08-02T17:34:26Z,Mint,,60000000000000000
0x1ab2ccad4fc97c9968ea87d4435326715be32872,0x0093fcd904c7e0ba382945264f5188cfcf58ee1ac6e39e782803c05939743263,2020-11-14T16:25:38Z,Mint,,
0x1e43dacdcf863676a6bec8f7d6896d6252fac669,0x68623e77587f3c68cb2ab5fe6f0126afbf22c2ef027d35a80d2e9f80bdd54b1f,2020-12-12T23:06:43Z,Mint,,
0x22d7510588d90ed5a87e0f838391aaafa707c34b,0x22ae1ddecfed22fd5a1f0ebd741290d291b0159de16df967d9eac47f090b2f7b,2020-07-13T20:03:00Z,Redeem,,
0x22d7510588d90ed5a87e0f838391aaafa707c34b,0x621667eec05b95e9830bb1d70953c02ec72d0537e2c0f93d896f70d125023dbc,2020-06-20T22:10:30Z,Mint,,
0x22d7510588d90ed5a87e0f838391aaafa707c34b,0xf582c0e85fae7696ef9ed047efd0a0f69e5d205fd45f2fb7b6186bb36b37e4a2,2020-06-20T22:10:30Z,Mint,,
0x22d7510588d90ed5a87e0f838391aaafa707c34b,0x161ce0ee09c00add127b0281f38ac464d02f1718b057918b321daa11837b3c79,2020-06-20T22:08:53Z,Mint,,
0x22d7510588d90ed5a87e0f838391aaafa707c34b,0x94bea79dc7b6cdff1f2c231e1175ca29a972762f1fed4b1343f3b73febe523e3,2020-06-20T22:08:40Z,Mint,,
0x22d7510588d90ed5a87e0f838391aaafa707c34b,0x856b8faa2bfcb037f5686d9af9c09c7e4f66eab2a98b4f9269a3b395df6a5119,2020-06-20T22:05:49Z,Mint,,
0x22d7510588d90ed5a87e0f838391aaafa707c34b,0x5213343259aefd2ef159121e37e2c692de26bd150dce6d232658317165bb048b,2020-06-19T15:49:44Z,Redeem,,
0x22d7510588d90ed5a87e0f838391aaafa707c34b,0xe13e34ca4ffa2463dbf0a5ab2033e1cdadbe0a33ef6b28d7e409e34520cda7f4,2020-06-17T14:54:48Z,Mint,,
0x24b3460622d835c56d9a4fe352966b9bdc6c20af,0x6a3bbfa96b5b1e581b849fba04f1344a2ad3801cc2b54b36210aac7d4ac40244,2020-11-11T20:03:52Z,Mint,,
0x26750f1f4277221bdb5f6991473c6ece8c821f9d,0x712d88a35b59c76b64096b45284ab438f437193ce28e7dfe3e3e3f9bf991f12d,2020-12-14T06:09:36Z,Mint,,
0x26750f1f4277221bdb5f6991473c6ece8c821f9d,0x805c1bf6823af6d3b1ef552d921190f1058a0c50528d35c5f07bdacd0be7a60f,2019-08-21T07:57:33Z,Mint,,5749701846610752
0x26750f1f4277221bdb5f6991473c6ece8c821f9d,0x805c1bf6823af6d3b1ef552d921190f1058a0c50528d35c5f07bdacd0be7a60f,2019-08-21T07:57:33Z,Mint,,60000000000000000
0x27f72a000d8e9f324583f3a3491ea66998275b28,0xa11b3441eaa85bfd8fbdd210d4b7c12892176030137219975fd7ff49022d492c,2020-11-06T20:23:33Z,Mint,,
0x2844658bf341db96aa247259824f42025e3bcec2,0x7f72718cbd9c7ec66229d04dfe55ff02d93be623f2d1328d5ef06448c4b0e738,2020-12-15T23:00:30Z,Mint,,
0x2a2fde3e1beb508fcf7c137a1d5965f13a17825e,0x779b2d93061c731e809896fcae26cbdce1bc40ccc8455aecea20eef99d5891ec,2020-11-01T01:57:18Z,Mint,,
0x3867d222ba91236ad4d12c31056626f9e798629c,0x3fffbd49fa8e0f40810da5e4fdd7f694d2726eba4096320128c4f7e2a461814a,2020-12-13T11:47:10Z,Mint,,
0x3a44be4581137019f83021eeee72b7dc57756069,0xd0b6db992ad492169d6280740a7e6993b37c1680ebe4df16db61385a92870d4b,2020-10-23T17:58:00Z,Mint,,
0x3e69ad05716bdc834db72c4d6d44439a7c8a902b,0xf6940ca619b3b3822ca89c5fc50cd24a6a76b96cffde125de54d9817dd78e321,2020-11-13T18:46:12Z,Mint,,
0x427f2ac5fdf4245e027d767e7c3ac272a1f40a65,0x03a346cef2065bdf7ff192a3d30d3f98aca0cbe91221e1284ebe27e7fd86a01a,2025-04-27T17:43:11Z,DistributedBorrowerComp,,
0x427f2ac5fdf4245e027d767e7c3ac272a1f40a65,0x03a346cef2065bdf7ff192a3d30d3f98aca0cbe91221e1284ebe27e7fd86a01a,2025-04-27T17:43:11Z,RepayBorrow,,
0x427f2ac5fdf4245e027d767e7c3ac272a1f40a65,0x03a346cef2065bdf7ff192a3d30d3f98aca0cbe91221e1284ebe27e7fd86a01a,2025-04-27T17:43:11Z,LiquidateBorrow,,
0x427f2ac5fdf4245e027d767e7c3ac272a1f40a65,0x03a346cef2065bdf7ff192a3d30d3f98aca0cbe91221e1284ebe27e7fd86a01a,2025-04-27T17:43:11Z,Redeem,,
0x427f2ac5fdf4245e027d767e7c3ac272a1f40a65,0x03a346cef2065bdf7ff192a3d30d3f98aca0cbe91221e1284ebe27e7fd86a01a,2025-04-27T17:43:11Z,DistributedBorrowerComp,,
0x427f2ac5fdf4245e027d767e7c3ac272a1f40a65,0x03a346cef2065bdf7ff192a3d30d3f98aca0cbe91221e1284ebe27e7fd86a01a,2025-04-27T17:43:11Z,RepayBorrow,,
0x427f2ac5fdf4245e027d767e7c3ac272a1f40a65,0x03a346cef2065bdf7ff192a3d30d3f98aca0cbe91221e1284ebe27e7fd86a01a,2025-04-27T17:43:11Z,LiquidateBorrow,,
0x427f2ac5fdf4245e027d767e7c3ac272a1f40a65,0x03a346cef2065bdf7ff192a3d30d3f98aca0cbe91221e1284ebe27e7fd86a01a,2025-04-27T17:43:11Z,Redeem,,
0x427f2ac5fdf4245e027d767e7c3ac272a1f40a65,0x390e6c3bf7014faa13fc5bd32b0f09ba98922176755ff8a23341bec5536bc228,2025-02-15T11:12:11Z,DistributedBorrowerComp,,
0x427f2ac5fdf4245e027d767e7c3ac272a1f40a65,0x390e6c3bf7014faa13fc5bd32b0f09ba98922176755ff8a23341bec5536bc228,2025-02-15T11:12:11Z,RepayBorrow,,
0x427f2ac5fdf4245e027d767e7c3ac272a1f40a65,0x390e6c3bf7014faa13fc5bd32b0f09ba98922176755ff8a23341bec5536bc228,2025-02-15T11:12:11Z,LiquidateBorrow,,
0x427f2ac5fdf4245e027d767e7c3ac272a1f40a65,0x390e6c3bf7014faa13fc5bd32b0f09ba98922176755ff8a23341bec5536bc228,2025-02-15T11:12:11Z,Redeem,,
0x427f2ac5fdf4245e027d767e7c3ac272a1f40a65,0x94e80bab2780bb741a5f4718ce67d7658ad8ac9f463fc8751265522086af2c54,2025-02-06T07:10:35Z,DistributedBorrowerComp,,
0x427f2ac5fdf4245e027d767e7c3ac272a1f40a65,0x94e80bab2780bb741a5f4718ce67d7658ad8ac9f463fc8751265522086af2c54,2025-02-06T07:10:35Z,RepayBorrow,,
0x427f2ac5fdf4245e027d767e7c3ac272a1f40a65,0x94e80bab2780bb741a5f4718ce67d7658ad8ac9f463fc8751265522086af2c54,2025-02-06T07:10:35Z,LiquidateBorrow,,
0x427f2ac5fdf4245e027d767e7c3ac272a1f40a65,0x94e80bab2780bb741a5f4718ce67d7658ad8ac9f463fc8751265522086af2c54,2025-02-06T07:10:35Z,Redeem,,
0x4814be124d7fe3b240eb46061f7ddfab468fe122,0xd186425dc867b4ed57be0b86ab154fee40e4507f2d676d528e9480ee00aa96ae,2021-03-28T15:06:51Z,Redeem,,
0x4814be124d7fe3b240eb46061f7ddfab468fe122,0xba818012a6d975fc3136a7aa17a7ab92e423e4f851f24b0c40deef5a5bdd0060,2021-03-28T15:03:28Z,Redeem,,
0x4814be124d7fe3b240eb46061f7ddfab468fe122,0x88f9e72716f3b8001b14f1e08c37d8cffc6fe2a03fb958f59711c422bae5a486,2021-01-04T18:46:06Z,Mint,,
0x4814be124d7fe3b240eb46061f7ddfab468fe122,0xd1b74dfac9ca5b61bc14c12ded15b2c6f5b7cf8d89f41a4c8492b37c933caf28,2020-12-26T22:11:36Z,Mint,,
0x4814be124d7fe3b240eb46061f7ddfab468fe122,0xe3d87cc3c59ec7ab04fab13a2a7acc9e48c4d4dedae7eb691dc78bf27e3a9da7,2020-12-26T22:08:06Z,Redeem,,
0x4814be124d7fe3b240eb46061f7ddfab468fe122,0xc68562728de83bd71b6cf97bfcfd3e5d852c964b94865ec8eaa591f06ee63d20,2020-12-17T16:29:39Z,Mint,,
0x4814be124d7fe3b240eb46061f7ddfab468fe122,0x270bb6ab42221985303e6a3fecb7a93d4147db2ec7e09fc842baa1b93be5b0ce,2020-12-15T15:53:34Z,Mint,,
0x4814be124d7fe3b240eb46061f7ddfab468fe122,0x298eb8017f13baa0cdffddd7f2a5941ca6afd6d1b587d0b7d55d2a8711d0372e,2020-12-14T18:15:35Z,Mint,,
0x4839e666e2baf12a51bf004392b35972eeddeabf,0xe751c54e2e3c9010c631cb3f9bbdfdb8f9419a58b03cd861b20a955eeb77cdde,2021-02-09T09:04:10Z,Redeem,,
0x4839e666e2baf12a51bf004392b35972eeddeabf,0x88b673c7d74e3cdaf79d9b6861b87a60afe85959ff56a115e733c9c9755e1417,2021-02-09T09:01:05Z,Redeem,,
0x4839e666e2baf12a51bf004392b35972eeddeabf,0x0c053dc9f2e726c573a21ae77290cc48698aad45dd5bd08a70c448c3d732a6e2,2020-12-29T17:46:39Z,Mint,,
0x4839e666e2baf12a51bf004392b35972eeddeabf,0xdf7e217c91157c6bbc0f74ecb3fcd8d928ea36f3a126402337c1b5c41a0265e2,2020-12-29T17:23:48Z,Mint,,
0x4839e666e2baf12a51bf004392b35972eeddeabf,0x09c8a7f8946acc01021c805816509a7162e430264501902c93facf3c37b3e21b,2020-12-29T17:22:50Z,Mint,,
0x4c4d05fe859279c91b074429b5fc451182cec745,0xf633aca0adfe4b70f606b6c8a368ebc7a6baa87762906c4831862c65097d1822,2020-12-17T22:27:43Z,Mint,,
0x4d997c89bc659a3e8452038a8101161e7e7e53a7,0x0db01d875b432243fdabaaf8c89f0d760c03fec2ba927e0cc15bb9c0fbed412d,2021-07-03T13:05:05Z,Mint,,
0x4d997c89bc659a3e8452038a8101161e7e7e53a7,0xc02f1efe42019986b952b88d0adc85a174db27a7a5c855e159702586943402d2,2021-05-05T21:58:31Z,Mint,,
0x4d997c89bc659a3e8452038a8101161e7e7e53a7,0x34725ff60b0259894d29dfdd9d9ebfd36eda1e2a57530e00ff7634a55f4a1ad7,2021-05-05T21:55:45Z,Mint,,
0x4d997c89bc659a3e8452038a8101161e7e7e53a7,0x34725ff60b0259894d29dfdd9d9ebfd36eda1e2a57530e00ff7634a55f4a1ad7,2021-05-05T21:55:45Z,Repay,,700079722812826702
0x4d997c89bc659a3e8452038a8101161e7e7e53a7,0x34725ff60b0259894d29dfdd9d9ebfd36eda1e2a57530e00ff7634a55f4a1ad7,2021-05-05T21:55:45Z,ReserveUsedAsCollateralEnabled,,
0x4d997c89bc659a3e8452038a8101161e7e7e53a7,0x34725ff60b0259894d29dfdd9d9ebfd36eda1e2a57530e00ff7634a55f4a1ad7,2021-05-05T21:55:45Z,ReserveUsedAsCollateralDisabled,,
0x4d997c89bc659a3e8452038a8101161e7e7e53a7,0x5972df7bbb6bcc54d53f737023877e4310313b2a4ec6f6090710d7df2e8f2ebe,2021-05-05T21:48:17Z,Mint,,
0x4d997c89bc659a3e8452038a8101161e7e7e53a7,0x5972df7bbb6bcc54d53f737023877e4310313b2a4ec6f6090710d7df2e8f2ebe,2021-05-05T21:48:17Z,Repay,,800968973
0x4d997c89bc659a3e8452038a8101161e7e7e53a7,0x6b55ec5aac64583d2f348e0413aad1dc2888403a369ff5ccaf26977a45690ea8,2021-05-05T21:48:09Z,Mint,,
0x4d997c89bc659a3e8452038a8101161e7e7e53a7,0x6b55ec5aac64583d2f348e0413aad1dc2888403a369ff5ccaf26977a45690ea8,2021-05-05T21:48:09Z,ReserveUsedAsCollateralDisabled,,
0x4d997c89bc659a3e8452038a8101161e7e7e53a7,0x7b45b4a4e1f691f94849f4c02cf7ba33a65ed23361f590d6495e174f45871c6a,2021-04-29T23:44:53Z,Mint,,
0x4d997c89bc659a3e8452038a8101161e7e7e53a7,0x7b45b4a4e1f691f94849f4c02cf7ba33a65ed23361f590d6495e174f45871c6a,2021-04-29T23:44:53Z,Mint,,
0x4d997c89bc659a3e8452038a8101161e7e7e53a7,0x52e5a9cdfa6ddf5d758b748ae8f972ea7e37140f843450d480f6fc9e2100b606,2021-04-29T23:42:15Z,Mint,,
0x4d997c89bc659a3e8452038a8101161e7e7e53a7,0x52e5a9cdfa6ddf5d758b748ae8f972ea7e37140f843450d480f6fc9e2100b606,2021-04-29T23:42:15Z,BorrowAllowanceDelegated,0xc02aaa39b223fe8d0a0e5c4f27ead9083c756cc2,115792089237316195423570985008687907853269984665640564039456884007913129639935
0x4d997c89bc659a3e8452038a8101161e7e7e53a7,0x52e5a9cdfa6ddf5d758b748ae8f972ea7e37140f843450d480f6fc9e2100b606,2021-04-29T23:42:15Z,Mint,,100000000000000000
0x4d997c89bc659a3e8452038a8101161e7e7e53a7,0x52e5a9cdfa6ddf5d758b748ae8f972ea7e37140f843450d480f6fc9e2100b606,2021-04-29T23:42:15Z,Borrow,,100000000000000000
0x4d997c89bc659a3e8452038a8101161e7e7e53a7,0x4abc33dc872db2d714fb39406164ac198ad405735b0b9d2e87ee643b272d6196,2021-04-29T23:40:45Z,Mint,,
0x4d997c89bc659a3e8452038a8101161e7e7e53a7,0x6cb63f2dd20e88f2842bdfe0a73b0fc5cd2ecde67c6b829fb45277c1ddd09d0f,2021-04-29T23:38:40Z,Mint,,
0x4d997c89bc659a3e8452038a8101161e7e7e53a7,0x6cb63f2dd20e88f2842bdfe0a73b0fc5cd2ecde67c6b829fb45277c1ddd09d0f,2021-04-29T23:38:40Z,BorrowAllowanceDelegated,0xc02aaa39b223fe8d0a0e5c4f27ead9083c756cc2,115792089237316195423570985008687907853269984665640564039456984007913129639935
0x4d997c89bc659a3e8452038a8101161e7e7e53a7,0x6cb63f2dd20e88f2842bdfe0a73b0fc5cd2ecde67c6b829fb45277c1ddd09d0f,2021-04-29T23:38:40Z,Mint,,200000000000000000
0x4d997c89bc659a3e8452038a8101161e7e7e53a7,0x6cb63f2dd20e88f2842bdfe0a73b0fc5cd2ecde67c6b829fb45277c1ddd09d0f,2021-04-29T23:38:40Z,Borrow,,200000000000000000
0x4d997c89bc659a3e8452038a8101161e7e7e53a7,0xfdcfa9678ca02d6c50df3502e05e5830dafd3700914fb231a76df449584cdc4b,2021-04-29T23:37:21Z,Mint,,
0x4d997c89bc659a3e8452038a8101161e7e7e53a7,0xfdcfa9678ca02d6c50df3502e05e5830dafd3700914fb231a76df449584cdc4b,2021-04-29T23:37:21Z,Mint,,
0x4d997c89bc659a3e8452038a8101161e7e7e53a7,0x0ebfff57620c2a5bdad28121e002a5cb51c3b5dd828a529bea686c54f8eb0140,2021-04-29T23:36:13Z,Mint,,
0x4d997c89bc659a3e8452038a8101161e7e7e53a7,0x0ebfff57620c2a5bdad28121e002a5cb51c3b5dd828a529bea686c54f8eb0140,2021-04-29T23:36:13Z,BorrowAllowanceDelegated,0xc02aaa39b223fe8d0a0e5c4f27ead9083c756cc2,115792089237316195423570985008687907853269984665640564039457184007913129639935
0x4d997c89bc659a3e8452038a8101161e7e7e53a7,0x0ebfff57620c2a5bdad28121e002a5cb51c3b5dd828a529bea686c54f8eb0140,2021-04-29T23:36:13Z,Mint,,200000000000000000
0x4d997c89bc659a3e8452038a8101161e7e7e53a7,0x0ebfff57620c2a5bdad28121e002a5cb51c3b5dd828a529bea686c54f8eb0140,2021-04-29T23:36:13Z,Borrow,,200000000000000000
0x4d997c89bc659a3e8452038a8101161e7e7e53a7,0x66cb5962fb557f66750aa0491e11a83f140bf9bc6d5e7aab4e3b7d4f9669b948,2021-04-29T23:35:26Z,Mint,,
0x4d997c89bc659a3e8452038a8101161e7e7e53a7,0x66cb5962fb557f66750aa0491e11a83f140bf9bc6d5e7aab4e3b7d4f9669b948,2021-04-29T23:35:26Z,Mint,,
0x4d997c89bc659a3e8452038a8101161e7e7e53a7,0x31a9aacabc8d58a49868758a61383c5c62b7b3c894bd5900193553a2947582db,2021-04-29T23:34:45Z,Mint,,
0x4d997c89bc659a3e8452038a8101161e7e7e53a7,0x31a9aacabc8d58a49868758a61383c5c62b7b3c894bd5900193553a2947582db,2021-04-29T23:34:45Z,BorrowAllowanceDelegated,0xc02aaa39b223fe8d0a0e5c4f27ead9083c756cc2,115792089237316195423570985008687907853269984665640564039457384007913129639935
0x4d997c89bc659a3e8452038a8101161e7e7e53a7,0x31a9aacabc8d58a49868758a61383c5c62b7b3c894bd5900193553a2947582db,2021-04-29T23:34:45Z,Mint,,200000000000000000
0x4d997c89bc659a3e8452038a8101161e7e7e53a7,0x31a9aacabc8d58a49868758a61383c5c62b7b3c894bd5900193553a2947582db,2021-04-29T23:34:45Z,Borrow,,200000000000000000
0x4d997c89bc659a3e8452038a8101161e7e7e53a7,0xdb4d5c3adfc3e9f4be92291fa935ca3b50f11b12cc7e21951613c7a4f2d0d2b4,2021-04-29T23:33:33Z,BorrowAllowanceDelegated,0xc02aaa39b223fe8d0a0e5c4f27ead9083c756cc2,115792089237316195423570985008687907853269984665640564039457584007913129639935
0x4d997c89bc659a3e8452038a8101161e7e7e53a7,0xe3acec6717a7fb1c8f944981db7d17e4fcf0d5ed275afaf755f046e2b896ccc9,2021-04-29T23:30:12Z,Mint,,
0x4d997c89bc659a3e8452038a8101161e7e7e53a7,0xe3acec6717a7fb1c8f944981db7d17e4fcf0d5ed275afaf755f046e2b896ccc9,2021-04-29T23:30:12Z,Mint,,
0x4d997c89bc659a3e8452038a8101161e7e7e53a7,0xe3acec6717a7fb1c8f944981db7d17e4fcf0d5ed275afaf755f046e2b896ccc9,2021-04-29T23:30:12Z,ReserveUsedAsCollateralEnabled,,
0x4d997c89bc659a3e8452038a8101161e7e7e53a7,0x16b43573e45811b4a19d09ffc0781e55eaf5fae05ff43d400730d11394ebdf9f,2021-04-29T19:52:07Z,Mint,,
0x4d997c89bc659a3e8452038a8101161e7e7e53a7,0x16b43573e45811b4a19d09ffc0781e55eaf5fae05ff43d400730d11394ebdf9f,2021-04-29T19:52:07Z,Mint,,800000000
0x4d997c89bc659a3e8452038a8101161e7e7e53a7,0x16b43573e45811b4a19d09ffc0781e55eaf5fae05ff43d400730d11394ebdf9f,2021-04-29T19:52:07Z,Borrow,,800000000
0x4d997c89bc659a3e8452038a8101161e7e7e53a7,0xe6b35b77ca258031c651fbd0bb9f66e0d3a1faac653795eff72b13c9879ec3c8,2021-04-29T19:50:36Z,Mint,,
0x4d997c89bc659a3e8452038a8101161e7e7e53a7,0xe6b35b77ca258031c651fbd0bb9f66e0d3a1faac653795eff72b13c9879ec3c8,2021-04-29T19:50:36Z,Mint,,
0x4d997c89bc659a3e8452038a8101161e7e7e53a7,0xe6b35b77ca258031c651fbd0bb9f66e0d3a1faac653795eff72b13c9879ec3c8,2021-04-29T19:50:36Z,ReserveUsedAsCollateralEnabled,,
0x4db0a72edb5ea6c55df929f76e7d5bb14e389860,0xe4ce9997682cd3d2edb2d5484369866d44c989ab1aba814aece20a989d388bae,2020-11-22T22:30:03Z,Mint,,
0x4e61251336c32e4fe6bfd5fab014846599321389,0x2d3a247405f5f5d334dacda655161aa5a96a146c45afbbc657ca309de8772cd6,2020-12-14T18:07:54Z,Mint,,
0x4e6e724f4163b24ffc7ffe662b5f6815b18b4210,0x8e50f062366d60d9e82f09023632a9d54b107f568bfefb8bf5466fdd3d2c635a,2020-10-28T22:57:02Z,Mint,,
0x507b6c0d950702f066a9a1bd5e85206f87b065ba,0xd90cfcf39972bec7cd9021ceddbf31f48ae7a7f3efbfbe6249adb7e50e2b55bc,2021-10-04T15:51:10Z,Redeem,,
0x507b6c0d950702f066a9a1bd5e85206f87b065ba,0x5685cf6cfc275ed26bc6889f6bcb4b0f0726d23863847d59c2e3b4cb47dd9ca2,2021-08-14T23:26:21Z,Mint,,
0x507b6c0d950702f066a9a1bd5e85206f87b065ba,0x7194299214f7c6014eb05d2fd27894aab2422bfef63f421008b08a018704f6a0,2021-08-14T19:19:24Z,Mint,,
0x54e19653be9d4143b08994906be0e27555e8834d,0xb6d04c082aeadb668586a0e192643f2f781b670c3ae21a5f81bb58364f545234,2019-07-19T22:27:39Z,Redeem,,
0x54e19653be9d4143b08994906be0e27555e8834d,0xdb2fdff66c3b556a95bc332ba9a435c150bb01b3f5357964a591d51294e392aa,2019-07-19T21:48:00Z,Redeem,,
0x54e19653be9d4143b08994906be0e27555e8834d,0x30318d2acb840dfca9a2b5ed08f0b9efc3552236be7020aee798c7f867a07061,2019-07-19T21:44:50Z,Mint,,
0x54e19653be9d4143b08994906be0e27555e8834d,0x450da25f7360b5c90a045e605dec77e5e12194315855a4b7fac178b71578b9b7,2019-07-19T21:42:43Z,Mint,,
0x56ba823641bfc317afc8459bf27feed6eb9ff59f,0x9b19f476e93f69feb63440b5fcb1ac8297930a3b2738f232b15785d361417309,2020-11-19T11:31:25Z,Mint,,
0x56cc2bffcb3f86a30c492f9d1a671a1f744d1d2f,0x7875e4b5c9229539fcb3dd9128dde1329de7bfafd86830598d5ac367ecab260a,2020-11-03T19:55:26Z,Mint,,
0x578cea5f899b0dfbf05c7fbcfda1a644b2a47787,0xbb5c9f59e065dcb5999bdb227f16f44f28e3762e3326899e2d3b6a1756167fac,2020-11-21T17:35:57Z,Mint,,
0x58c2a9099a03750e9842d3e9a7780cdd6aa70b86,0x1e4823d1fa696f94a1e4eba4adf25e440ce287afb2b4a1212e8518f2fa4501aa,2020-11-04T11:36:32Z,Mint,,
0x58d68d4bcf9725e40353379cec92b90332561683,0x1f585c52878cdb3da41cf873459df5040a80ba68103d58775e1fffef9d80152a,2020-12-13T10:08:00Z,Mint,,
0x58d68d4bcf9725e40353379cec92b90332561683,0xe588ff427518704b82e44bc3c278e366a8a989a563f9bc9c9b7dbe2e671ec771,2020-12-12T19:50:11Z,Mint,,
0x5e324b4a564512ea7c93088dba2f8c1bf046a3eb,0x94f286638b16ac9750ee643eb941f331293740bb206cfe59d044d0df4d8e065c,2020-11-19T23:07:03Z,Mint,,
0x623af911f493747c216ad389c7805a37019c662d,0xdeae182e06b1b224930ce891fbc5c6c42c76498ce2a4f6846788fd7c78955256,2024-07-19T14:26:47Z,DistributedBorrowerComp,,
0x623af911f493747c216ad389c7805a37019c662d,0x3f14f82ea3546f04e47aa56c16f99de500fa360b0260611002a0b2e9ab86d8ea,2021-04-24T09:45:00Z,Mint,,
0x623af911f493747c216ad389c7805a37019c662d,0x7e137aef1e0d66e7925b61728f0193a8d9b7360001cf3e1241a6418db201b244,2020-01-27T07:59:13Z,MintFrozen,,88888800000000
0x623af911f493747c216ad389c7805a37019c662d,0x7e137aef1e0d66e7925b61728f0193a8d9b7360001cf3e1241a6418db201b244,2020-01-27T07:59:13Z,MintFrozen,,88888800000000
0x623af911f493747c216ad389c7805a37019c662d,0x7e137aef1e0d66e7925b61728f0193a8d9b7360001cf3e1241a6418db201b244,2020-01-27T07:59:13Z,MintFrozen,,88888800000000
0x623af911f493747c216ad389c7805a37019c662d,0x7e137aef1e0d66e7925b61728f0193a8d9b7360001cf3e1241a6418db201b244,2020-01-27T07:59:13Z,MintFrozen,,88888800000000
0x623af911f493747c216ad389c7805a37019c662d,0x7e137aef1e0d66e7925b61728f0193a8d9b7360001cf3e1241a6418db201b244,2020-01-27T07:59:13Z,MintFrozen,,88888800000000
0x623af911f493747c216ad389c7805a37019c662d,0x7e137aef1e0d66e7925b61728f0193a8d9b7360001cf3e1241a6418db201b244,2020-01-27T07:59:13Z,MintFrozen,,88888800000000
0x623af911f493747c216ad389c7805a37019c662d,0x7e137aef1e0d66e7925b61728f0193a8d9b7360001cf3e1241a6418db201b244,2020-01-27T07:59:13Z,MintFrozen,,88888800000000
0x623af911f493747c216ad389c7805a37019c662d,0x7e137aef1e0d66e7925b61728f0193a8d9b7360001cf3e1241a6418db201b244,2020-01-27T07:59:13Z,MintFrozen,,88888800000000
0x623af911f493747c216ad389c7805a37019c662d,0x7e137aef1e0d66e7925b61728f0193a8d9b7360001cf3e1241a6418db201b244,2020-01-27T07:59:13Z,MintFrozen,,88888800000000
0x623af911f493747c216ad389c7805a37019c662d,0x7e137aef1e0d66e7925b61728f0193a8d9b7360001cf3e1241a6418db201b244,2020-01-27T07:59:13Z,MintFrozen,,88888800000000
0x623af911f493747c216ad389c7805a37019c662d,0x7e137aef1e0d66e7925b61728f0193a8d9b7360001cf3e1241a6418db201b244,2020-01-27T07:59:13Z,MintFrozen,,88888800000000
0x623af911f493747c216ad389c7805a37019c662d,0x7e137aef1e0d66e7925b61728f0193a8d9b7360001cf3e1241a6418db201b244,2020-01-27T07:59:13Z,MintFrozen,,88888800000000
0x623af911f493747c216ad389c7805a37019c662d,0x7e137aef1e0d66e7925b61728f0193a8d9b7360001cf3e1241a6418db201b244,2020-01-27T07:59:13Z,MintFrozen,,88888800000000
0x623af911f493747c216ad389c7805a37019c662d,0x7e137aef1e0d66e7925b61728f0193a8d9b7360001cf3e1241a6418db201b244,2020-01-27T07:59:13Z,MintFrozen,,88888800000000
0x623af911f493747c216ad389c7805a37019c662d,0x7e137aef1e0d66e7925b61728f0193a8d9b7360001cf3e1241a6418db201b244,2020-01-27T07:59:13Z,MintFrozen,,88888800000000
0x623af911f493747c216ad389c7805a37019c662d,0x7e137aef1e0d66e7925b61728f0193a8d9b7360001cf3e1241a6418db201b244,2020-01-27T07:59:13Z,MintFrozen,,88888800000000
0x623af911f493747c216ad389c7805a37019c662d,0x7e137aef1e0d66e7925b61728f0193a8d9b7360001cf3e1241a6418db201b244,2020-01-27T07:59:13Z,MintFrozen,,88888800000000
0x623af911f493747c216ad389c7805a37019c662d,0x7e137aef1e0d66e7925b61728f0193a8d9b7360001cf3e1241a6418db201b244,2020-01-27T07:59:13Z,MintFrozen,,88888800000000
0x623af911f493747c216ad389c7805a37019c662d,0x7e137aef1e0d66e7925b61728f0193a8d9b7360001cf3e1241a6418db201b244,2020-01-27T07:59:13Z,MintFrozen,,88888800000000
0x623af911f493747c216ad389c7805a37019c662d,0x7e137aef1e0d66e7925b61728f0193a8d9b7360001cf3e1241a6418db201b244,2020-01-27T07:59:13Z,MintFrozen,,88888800000000
0x623af911f493747c216ad389c7805a37019c662d,0x7e137aef1e0d66e7925b61728f0193a8d9b7360001cf3e1241a6418db201b244,2020-01-27T07:59:13Z,MintFrozen,,88888800000000
0x623af911f493747c216ad389c7805a37019c662d,0x7e137aef1e0d66e7925b61728f0193a8d9b7360001cf3e1241a6418db201b244,2020-01-27T07:59:13Z,MintFrozen,,88888800000000
0x623af911f493747c216ad389c7805a37019c662d,0x7e137aef1e0d66e7925b61728f0193a8d9b7360001cf3e1241a6418db201b244,2020-01-27T07:59:13Z,MintFrozen,,88888800000000
0x623af911f493747c216ad389c7805a37019c662d,0x7e137aef1e0d66e7925b61728f0193a8d9b7360001cf3e1241a6418db201b244,2020-01-27T07:59:13Z,MintFrozen,,88888800000000
0x623af911f493747c216ad389c7805a37019c662d,0x7e137aef1e0d66e7925b61728f0193a8d9b7360001cf3e1241a6418db201b244,2020-01-27T07:59:13Z,MintFrozen,,88888800000000
0x623af911f493747c216ad389c7805a37019c662d,0x7e137aef1e0d66e7925b61728f0193a8d9b7360001cf3e1241a6418db201b244,2020-01-27T07:59:13Z,MintFrozen,,88888800000000
0x623af911f493747c216ad389c7805a37019c662d,0x7e137aef1e0d66e7925b61728f0193a8d9b7360001cf3e1241a6418db201b244,2020-01-27T07:59:13Z,MintFrozen,,88888800000000
0x623af911f493747c216ad389c7805a37019c662d,0x7e137aef1e0d66e7925b61728f0193a8d9b7360001cf3e1241a6418db201b244,2020-01-27T07:59:13Z,MintFrozen,,88888800000000
0x623af911f493747c216ad389c7805a37019c662d,0x7e137aef1e0d66e7925b61728f0193a8d9b7360001cf3e1241a6418db201b244,2020-01-27T07:59:13Z,MintFrozen,,88888800000000
0x623af911f493747c216ad389c7805a37019c662d,0x7e137aef1e0d66e7925b61728f0193a8d9b7360001cf3e1241a6418db201b244,2020-01-27T07:59:13Z,MintFrozen,,88888800000000
0x623af911f493747c216ad389c7805a37019c662d,0x7e137aef1e0d66e7925b61728f0193a8d9b7360001cf3e1241a6418db201b244,2020-01-27T07:59:13Z,MintFrozen,,88888800000000
0x623af911f493747c216ad389c7805a37019c662d,0x7e137aef1e0d66e7925b61728f0193a8d9b7360001cf3e1241a6418db201b244,2020-01-27T07:59:13Z,MintFrozen,,88888800000000
0x623af911f493747c216ad389c7805a37019c662d,0x7e137aef1e0d66e7925b61728f0193a8d9b7360001cf3e1241a6418db201b244,2020-01-27T07:59:13Z,MintFrozen,,88888800000000
0x623af911f493747c216ad389c7805a37019c662d,0x7e137aef1e0d66e7925b61728f0193a8d9b7360001cf3e1241a6418db201b244,2020-01-27T07:59:13Z,MintFrozen,,88888800000000
0x623af911f493747c216ad389c7805a37019c662d,0x7e137aef1e0d66e7925b61728f0193a8d9b7360001cf3e1241a6418db201b244,2020-01-27T07:59:13Z,MintFrozen,,88888800000000
0x623af911f493747c216ad389c7805a37019c662d,0x7e137aef1e0d66e7925b61728f0193a8d9b7360001cf3e1241a6418db201b244,2020-01-27T07:59:13Z,MintFrozen,,88888800000000
0x623af911f493747c216ad389c7805a37019c662d,0x7e137aef1e0d66e7925b61728f0193a8d9b7360001cf3e1241a6418db201b244,2020-01-27T07:59:13Z,MintFrozen,,88888800000000
0x623af911f493747c216ad389c7805a37019c662d,0x7e137aef1e0d66e7925b61728f0193a8d9b7360001cf3e1241a6418db201b244,2020-01-27T07:59:13Z,MintFrozen,,88888800000000
0x623af911f493747c216ad389c7805a37019c662d,0x7e137aef1e0d66e7925b61728f0193a8d9b7360001cf3e1241a6418db201b244,2020-01-27T07:59:13Z,MintFrozen,,88888800000000
0x623af911f493747c216ad389c7805a37019c662d,0x7e137aef1e0d66e7925b61728f0193a8d9b7360001cf3e1241a6418db201b244,2020-01-27T07:59:13Z,MintFrozen,,88888800000000
0x623af911f493747c216ad389c7805a37019c662d,0x7e137aef1e0d66e7925b61728f0193a8d9b7360001cf3e1241a6418db201b244,2020-01-27T07:59:13Z,MintFrozen,,88888800000000
0x623af911f493747c216ad389c7805a37019c662d,0x7e137aef1e0d66e7925b61728f0193a8d9b7360001cf3e1241a6418db201b244,2020-01-27T07:59:13Z,MintFrozen,,88888800000000
0x623af911f493747c216ad389c7805a37019c662d,0x7e137aef1e0d66e7925b61728f0193a8d9b7360001cf3e1241a6418db201b244,2020-01-27T07:59:13Z,MintFrozen,,88888800000000
0x623af911f493747c216ad389c7805a37019c662d,0x7e137aef1e0d66e7925b61728f0193a8d9b7360001cf3e1241a6418db201b244,2020-01-27T07:59:13Z,MintFrozen,,88888800000000
0x623af911f493747c216ad389c7805a37019c662d,0x7e137aef1e0d66e7925b61728f0193a8d9b7360001cf3e1241a6418db201b244,2020-01-27T07:59:13Z,MintFrozen,,88888800000000
0x623af911f493747c216ad389c7805a37019c662d,0x7e137aef1e0d66e7925b61728f0193a8d9b7360001cf3e1241a6418db201b244,2020-01-27T07:59:13Z,MintFrozen,,88888800000000
0x623af911f493747c216ad389c7805a37019c662d,0x7e137aef1e0d66e7925b61728f0193a8d9b7360001cf3e1241a6418db201b244,2020-01-27T07:59:13Z,MintFrozen,,88888800000000
0x623af911f493747c216ad389c7805a37019c662d,0x7e137aef1e0d66e7925b61728f0193a8d9b7360001cf3e1241a6418db201b244,2020-01-27T07:59:13Z,MintFrozen,,88888800000000
0x623af911f493747c216ad389c7805a37019c662d,0x7e137aef1e0d66e7925b61728f0193a8d9b7360001cf3e1241a6418db201b244,2020-01-27T07:59:13Z,MintFrozen,,88888800000000
0x623af911f493747c216ad389c7805a37019c662d,0x7e137aef1e0d66e7925b61728f0193a8d9b7360001cf3e1241a6418db201b244,2020-01-27T07:59:13Z,MintFrozen,,88888800000000
0x623af911f493747c216ad389c7805a37019c662d,0x7e137aef1e0d66e7925b61728f0193a8d9b7360001cf3e1241a6418db201b244,2020-01-27T07:59:13Z,MintFrozen,,88888800000000
0x623af911f493747c216ad389c7805a37019c662d,0x7e137aef1e0d66e7925b61728f0193a8d9b7360001cf3e1241a6418db201b244,2020-01-27T07:59:13Z,MintFrozen,,88888800000000
0x623af911f493747c216ad389c7805a37019c662d,0x7e137aef1e0d66e7925b61728f0193a8d9b7360001cf3e1241a6418db201b244,2020-01-27T07:59:13Z,MintFrozen,,88888800000000
0x623af911f493747c216ad389c7805a37019c662d,0x7e137aef1e0d66e7925b61728f0193a8d9b7360001cf3e1241a6418db201b244,2020-01-27T07:59:13Z,MintFrozen,,88888800000000
0x623af911f493747c216ad389c7805a37019c662d,0x7e137aef1e0d66e7925b61728f0193a8d9b7360001cf3e1241a6418db201b244,2020-01-27T07:59:13Z,MintFrozen,,88888800000000
0x623af911f493747c216ad389c7805a37019c662d,0x7e137aef1e0d66e7925b61728f0193a8d9b7360001cf3e1241a6418db201b244,2020-01-27T07:59:13Z,MintFrozen,,88888800000000
0x623af911f493747c216ad389c7805a37019c662d,0x7e137aef1e0d66e7925b61728f0193a8d9b7360001cf3e1241a6418db201b244,2020-01-27T07:59:13Z,MintFrozen,,88888800000000
0x623af911f493747c216ad389c7805a37019c662d,0x7e137aef1e0d66e7925b61728f0193a8d9b7360001cf3e1241a6418db201b244,2020-01-27T07:59:13Z,MintFrozen,,88888800000000
0x623af911f493747c216ad389c7805a37019c662d,0x7e137aef1e0d66e7925b61728f0193a8d9b7360001cf3e1241a6418db201b244,2020-01-27T07:59:13Z,MintFrozen,,88888800000000
0x623af911f493747c216ad389c7805a37019c662d,0x7e137aef1e0d66e7925b61728f0193a8d9b7360001cf3e1241a6418db201b244,2020-01-27T07:59:13Z,MintFrozen,,88888800000000
0x623af911f493747c216ad389c7805a37019c662d,0x7e137aef1e0d66e7925b61728f0193a8d9b7360001cf3e1241a6418db201b244,2020-01-27T07:59:13Z,MintFrozen,,88888800000000
0x623af911f493747c216ad389c7805a37019c662d,0x7e137aef1e0d66e7925b61728f0193a8d9b7360001cf3e1241a6418db201b244,2020-01-27T07:59:13Z,MintFrozen,,88888800000000
0x623af911f493747c216ad389c7805a37019c662d,0x7e137aef1e0d66e7925b61728f0193a8d9b7360001cf3e1241a6418db201b244,2020-01-27T07:59:13Z,MintFrozen,,88888800000000
0x623af911f493747c216ad389c7805a37019c662d,0x7e137aef1e0d66e7925b61728f0193a8d9b7360001cf3e1241a6418db201b244,2020-01-27T07:59:13Z,MintFrozen,,88888800000000
0x623af911f493747c216ad389c7805a37019c662d,0x7e137aef1e0d66e7925b61728f0193a8d9b7360001cf3e1241a6418db201b244,2020-01-27T07:59:13Z,MintFrozen,,88888800000000
0x623af911f493747c216ad389c7805a37019c662d,0x7e137aef1e0d66e7925b61728f0193a8d9b7360001cf3e1241a6418db201b244,2020-01-27T07:59:13Z,MintFrozen,,88888800000000
0x623af911f493747c216ad389c7805a37019c662d,0x7e137aef1e0d66e7925b61728f0193a8d9b7360001cf3e1241a6418db201b244,2020-01-27T07:59:13Z,MintFrozen,,88888800000000
0x623af911f493747c216ad389c7805a37019c662d,0x7e137aef1e0d66e7925b61728f0193a8d9b7360001cf3e1241a6418db201b244,2020-01-27T07:59:13Z,MintFrozen,,88888800000000
0x623af911f493747c216ad389c7805a37019c662d,0x7e137aef1e0d66e7925b61728f0193a8d9b7360001cf3e1241a6418db201b244,2020-01-27T07:59:13Z,MintFrozen,,88888800000000
0x623af911f493747c216ad389c7805a37019c662d,0x7e137aef1e0d66e7925b61728f0193a8d9b7360001cf3e1241a6418db201b244,2020-01-27T07:59:13Z,MintFrozen,,88888800000000
0x623af911f493747c216ad389c7805a37019c662d,0x7e137aef1e0d66e7925b61728f0193a8d9b7360001cf3e1241a6418db201b244,2020-01-27T07:59:13Z,MintFrozen,,88888800000000
0x623af911f493747c216ad389c7805a37019c662d,0x7e137aef1e0d66e7925b61728f0193a8d9b7360001cf3e1241a6418db201b244,2020-01-27T07:59:13Z,MintFrozen,,88888800000000
0x623af911f493747c216ad389c7805a37019c662d,0x7e137aef1e0d66e7925b61728f0193a8d9b7360001cf3e1241a6418db201b244,2020-01-27T07:59:13Z,MintFrozen,,88888800000000
0x623af911f493747c216ad389c7805a37019c662d,0x7e137aef1e0d66e7925b61728f0193a8d9b7360001cf3e1241a6418db201b244,2020-01-27T07:59:13Z,MintFrozen,,88888800000000
0x623af911f493747c216ad389c7805a37019c662d,0x7e137aef1e0d66e7925b61728f0193a8d9b7360001cf3e1241a6418db201b244,2020-01-27T07:59:13Z,MintFrozen,,88888800000000
0x623af911f493747c216ad389c7805a37019c662d,0x7e137aef1e0d66e7925b61728f0193a8d9b7360001cf3e1241a6418db201b244,2020-01-27T07:59:13Z,MintFrozen,,88888800000000
0x623af911f493747c216ad389c7805a37019c662d,0x7e137aef1e0d66e7925b61728f0193a8d9b7360001cf3e1241a6418db201b244,2020-01-27T07:59:13Z,MintFrozen,,88888800000000
0x623af911f493747c216ad389c7805a37019c662d,0x7e137aef1e0d66e7925b61728f0193a8d9b7360001cf3e1241a6418db201b244,2020-01-27T07:59:13Z,MintFrozen,,88888800000000
0x623af911f493747c216ad389c7805a37019c662d,0x7e137aef1e0d66e7925b61728f0193a8d9b7360001cf3e1241a6418db201b244,2020-01-27T07:59:13Z,MintFrozen,,88888800000000
0x623af911f493747c216ad389c7805a37019c662d,0x7e137aef1e0d66e7925b61728f0193a8d9b7360001cf3e1241a6418db201b244,2020-01-27T07:59:13Z,MintFrozen,,88888800000000
0x623af911f493747c216ad389c7805a37019c662d,0x7e137aef1e0d66e7925b61728f0193a8d9b7360001cf3e1241a6418db201b244,2020-01-27T07:59:13Z,MintFrozen,,88888800000000
0x623af911f493747c216ad389c7805a37019c662d,0x7e137aef1e0d66e7925b61728f0193a8d9b7360001cf3e1241a6418db201b244,2020-01-27T07:59:13Z,MintFrozen,,88888800000000
0x623af911f493747c216ad389c7805a37019c662d,0x7e137aef1e0d66e7925b61728f0193a8d9b7360001cf3e1241a6418db201b244,2020-01-27T07:59:13Z,MintFrozen,,88888800000000
0x623af911f493747c216ad389c7805a37019c662d,0x7e137aef1e0d66e7925b61728f0193a8d9b7360001cf3e1241a6418db201b244,2020-01-27T07:59:13Z,MintFrozen,,88888800000000
0x623af911f493747c216ad389c7805a37019c662d,0x7e137aef1e0d66e7925b61728f0193a8d9b7360001cf3e1241a6418db201b244,2020-01-27T07:59:13Z,MintFrozen,,88888800000000
0x623af911f493747c216ad389c7805a37019c662d,0x7e137aef1e0d66e7925b61728f0193a8d9b7360001cf3e1241a6418db201b244,2020-01-27T07:59:13Z,MintFrozen,,88888800000000
0x623af911f493747c216ad389c7805a37019c662d,0x7e137aef1e0d66e7925b61728f0193a8d9b7360001cf3e1241a6418db201b244,2020-01-27T07:59:13Z,MintFrozen,,88888800000000
0x623af911f493747c216ad389c7805a37019c662d,0x7e137aef1e0d66e7925b61728f0193a8d9b7360001cf3e1241a6418db201b244,2020-01-27T07:59:13Z,MintFrozen,,88888800000000
0x623af911f493747c216ad389c7805a37019c662d,0x7e137aef1e0d66e7925b61728f0193a8d9b7360001cf3e1241a6418db201b244,2020-01-27T07:59:13Z,MintFrozen,,88888800000000
0x623af911f493747c216ad389c7805a37019c662d,0x7e137aef1e0d66e7925b61728f0193a8d9b7360001cf3e1241a6418db201b244,2020-01-27T07:59:13Z,MintFrozen,,88888800000000
0x623af911f493747c216ad389c7805a37019c662d,0x7e137aef1e0d66e7925b61728f0193a8d9b7360001cf3e1241a6418db201b244,2020-01-27T07:59:13Z,MintFrozen,,88888800000000
0x623af911f493747c216ad389c7805a37019c662d,0x7e137aef1e0d66e7925b61728f0193a8d9b7360001cf3e1241a6418db201b244,2020-01-27T07:59:13Z,MintFrozen,,88888800000000
0x623af911f493747c216ad389c7805a37019c662d,0x7e137aef1e0d66e7925b61728f0193a8d9b7360001cf3e1241a6418db201b244,2020-01-27T07:59:13Z,MintFrozen,,88888800000000
0x623af911f493747c216ad389c7805a37019c662d,0x7e137aef1e0d66e7925b61728f0193a8d9b7360001cf3e1241a6418db201b244,2020-01-27T07:59:13Z,MintFrozen,,88888800000000
0x623af911f493747c216ad389c7805a37019c662d,0x7e137aef1e0d66e7925b61728f0193a8d9b7360001cf3e1241a6418db201b244,2020-01-27T07:59:13Z,MintFrozen,,88888800000000
0x623af911f493747c216ad389c7805a37019c662d,0x7e137aef1e0d66e7925b61728f0193a8d9b7360001cf3e1241a6418db201b244,2020-01-27T07:59:13Z,MintFrozen,,88888800000000
0x623af911f493747c216ad389c7805a37019c662d,0x7e137aef1e0d66e7925b61728f0193a8d9b7360001cf3e1241a6418db201b244,2020-01-27T07:59:13Z,MintFrozen,,88888800000000
0x623af911f493747c216ad389c7805a37019c662d,0x7e137aef1e0d66e7925b61728f0193a8d9b7360001cf3e1241a6418db201b244,2020-01-27T07:59:13Z,MintFrozen,,88888800000000
0x623af911f493747c216ad389c7805a37019c662d,0x7e137aef1e0d66e7925b61728f0193a8d9b7360001cf3e1241a6418db201b244,2020-01-27T07:59:13Z,MintFrozen,,88888800000000
0x623af911f493747c216ad389c7805a37019c662d,0x7e137aef1e0d66e7925b61728f0193a8d9b7360001cf3e1241a6418db201b244,2020-01-27T07:59:13Z,MintFrozen,,88888800000000
0x623af911f493747c216ad389c7805a37019c662d,0x4643f1119439ef4b134e39356ae23b0e3c716f359679fafc3832af6b11b55cbe,2018-05-03T23:58:45Z,Mint,,1500000000000000000000
0x623af911f493747c216ad389c7805a37019c662d,0x4643f1119439ef4b134e39356ae23b0e3c716f359679fafc3832af6b11b55cbe,2018-05-03T23:58:45Z,Mint,,1500000000000000000000
0x623af911f493747c216ad389c7805a37019c662d,0x4643f1119439ef4b134e39356ae23b0e3c716f359679fafc3832af6b11b55cbe,2018-05-03T23:58:45Z,Mint,,1500000000000000000000
0x623af911f493747c216ad389c7805a37019c662d,0x4643f1119439ef4b134e39356ae23b0e3c716f359679fafc3832af6b11b55cbe,2018-05-03T23:58:45Z,Mint,,1500000000000000000000
0x623af911f493747c216ad389c7805a37019c662d,0x4643f1119439ef4b134e39356ae23b0e3c716f359679fafc3832af6b11b55cbe,2018-05-03T23:58:45Z,Mint,,1500000000000000000000
0x623af911f493747c216ad389c7805a37019c662d,0x4643f1119439ef4b134e39356ae23b0e3c716f359679fafc3832af6b11b55cbe,2018-05-03T23:58:45Z,Mint,,1500000000000000000000
0x623af911f493747c216ad389c7805a37019c662d,0x4643f1119439ef4b134e39356ae23b0e3c716f359679fafc3832af6b11b55cbe,2018-05-03T23:58:45Z,Mint,,1500000000000000000000
0x623af911f493747c216ad389c7805a37019c662d,0x4643f1119439ef4b134e39356ae23b0e3c716f359679fafc3832af6b11b55cbe,2018-05-03T23:58:45Z,Mint,,1500000000000000000000
0x623af911f493747c216ad389c7805a37019c662d,0x4643f1119439ef4b134e39356ae23b0e3c716f359679fafc3832af6b11b55cbe,2018-05-03T23:58:45Z,Mint,,1500000000000000000000
0x623af911f493747c216ad389c7805a37019c662d,0x4643f1119439ef4b134e39356ae23b0e3c716f359679fafc3832af6b11b55cbe,2018-05-03T23:58:45Z,Mint,,1500000000000000000000
0x623af911f493747c216ad389c7805a37019c662d,0x4643f1119439ef4b134e39356ae23b0e3c716f359679fafc3832af6b11b55cbe,2018-05-03T23:58:45Z,Mint,,1500000000000000000000
0x623af911f493747c216ad389c7805a37019c662d,0x4643f1119439ef4b134e39356ae23b0e3c716f359679fafc3832af6b11b55cbe,2018-05-03T23:58:45Z,Mint,,1500000000000000000000
0x623af911f493747c216ad389c7805a37019c662d,0x4643f1119439ef4b134e39356ae23b0e3c716f359679fafc3832af6b11b55cbe,2018-05-03T23:58:45Z,Mint,,1500000000000000000000
0x623af911f493747c216ad389c7805a37019c662d,0x4643f1119439ef4b134e39356ae23b0e3c716f359679fafc3832af6b11b55cbe,2018-05-03T23:58:45Z,Mint,,1500000000000000000000
0x623af911f493747c216ad389c7805a37019c662d,0x4643f1119439ef4b134e39356ae23b0e3c716f359679fafc3832af6b11b55cbe,2018-05-03T23:58:45Z,Mint,,1500000000000000000000
0x623af911f493747c216ad389c7805a37019c662d,0x4643f1119439ef4b134e39356ae23b0e3c716f359679fafc3832af6b11b55cbe,2018-05-03T23:58:45Z,Mint,,1500000000000000000000
0x623af911f493747c216ad389c7805a37019c662d,0x4643f1119439ef4b134e39356ae23b0e3c716f359679fafc3832af6b11b55cbe,2018-05-03T23:58:45Z,Mint,,1500000000000000000000
0x623af911f493747c216ad389c7805a37019c662d,0x4643f1119439ef4b134e39356ae23b0e3c716f359679fafc3832af6b11b55cbe,2018-05-03T23:58:45Z,Mint,,1500000000000000000000
0x623af911f493747c216ad389c7805a37019c662d,0x4643f1119439ef4b134e39356ae23b0e3c716f359679fafc3832af6b11b55cbe,2018-05-03T23:58:45Z,Mint,,1500000000000000000000
0x623af911f493747c216ad389c7805a37019c662d,0x4643f1119439ef4b134e39356ae23b0e3c716f359679fafc3832af6b11b55cbe,2018-05-03T23:58:45Z,Mint,,1500000000000000000000
0x623af911f493747c216ad389c7805a37019c662d,0x4643f1119439ef4b134e39356ae23b0e3c716f359679fafc3832af6b11b55cbe,2018-05-03T23:58:45Z,Mint,,1500000000000000000000
0x623af911f493747c216ad389c7805a37019c662d,0x4643f1119439ef4b134e39356ae23b0e3c716f359679fafc3832af6b11b55cbe,2018-05-03T23:58:45Z,Mint,,1500000000000000000000
0x623af911f493747c216ad389c7805a37019c662d,0x4643f1119439ef4b134e39356ae23b0e3c716f359679fafc3832af6b11b55cbe,2018-05-03T23:58:45Z,Mint,,1500000000000000000000
0x623af911f493747c216ad389c7805a37019c662d,0x4643f1119439ef4b134e39356ae23b0e3c716f359679fafc3832af6b11b55cbe,2018-05-03T23:58:45Z,Mint,,1500000000000000000000
0x623af911f493747c216ad389c7805a37019c662d,0x4643f1119439ef4b134e39356ae23b0e3c716f359679fafc3832af6b11b55cbe,2018-05-03T23:58:45Z,Mint,,1500000000000000000000
0x623af911f493747c216ad389c7805a37019c662d,0x4643f1119439ef4b134e39356ae23b0e3c716f359679fafc3832af6b11b55cbe,2018-05-03T23:58:45Z,Mint,,1500000000000000000000
0x623af911f493747c216ad389c7805a37019c662d,0x4643f1119439ef4b134e39356ae23b0e3c716f359679fafc3832af6b11b55cbe,2018-05-03T23:58:45Z,Mint,,1500000000000000000000
0x623af911f493747c216ad389c7805a37019c662d,0x4643f1119439ef4b134e39356ae23b0e3c716f359679fafc3832af6b11b55cbe,2018-05-03T23:58:45Z,Mint,,1500000000000000000000
0x623af911f493747c216ad389c7805a37019c662d,0x4643f1119439ef4b134e39356ae23b0e3c716f359679fafc3832af6b11b55cbe,2018-05-03T23:58:45Z,Mint,,1500000000000000000000
0x623af911f493747c216ad389c7805a37019c662d,0x4643f1119439ef4b134e39356ae23b0e3c716f359679fafc3832af6b11b55cbe,2018-05-03T23:58:45Z,Mint,,1500000000000000000000
0x623af911f493747c216ad389c7805a37019c662d,0x4643f1119439ef4b134e39356ae23b0e3c716f359679fafc3832af6b11b55cbe,2018-05-03T23:58:45Z,Mint,,1500000000000000000000
0x623af911f493747c216ad389c7805a37019c662d,0x4643f1119439ef4b134e39356ae23b0e3c716f359679fafc3832af6b11b55cbe,2018-05-03T23:58:45Z,Mint,,1500000000000000000000
0x623af911f493747c216ad389c7805a37019c662d,0x4643f1119439ef4b134e39356ae23b0e3c716f359679fafc3832af6b11b55cbe,2018-05-03T23:58:45Z,Mint,,1500000000000000000000
0x623af911f493747c216ad389c7805a37019c662d,0x4643f1119439ef4b134e39356ae23b0e3c716f359679fafc3832af6b11b55cbe,2018-05-03T23:58:45Z,Mint,,1500000000000000000000
0x623af911f493747c216ad389c7805a37019c662d,0x4643f1119439ef4b134e39356ae23b0e3c716f359679fafc3832af6b11b55cbe,2018-05-03T23:58:45Z,Mint,,1500000000000000000000
0x623af911f493747c216ad389c7805a37019c662d,0x4643f1119439ef4b134e39356ae23b0e3c716f359679fafc3832af6b11b55cbe,2018-05-03T23:58:45Z,Mint,,1500000000000000000000
0x623af911f493747c216ad389c7805a37019c662d,0x4643f1119439ef4b134e39356ae23b0e3c716f359679fafc3832af6b11b55cbe,2018-05-03T23:58:45Z,Mint,,1500000000000000000000
0x623af911f493747c216ad389c7805a37019c662d,0x4643f1119439ef4b134e39356ae23b0e3c716f359679fafc3832af6b11b55cbe,2018-05-03T23:58:45Z,Mint,,1500000000000000000000
0x623af911f493747c216ad389c7805a37019c662d,0x4643f1119439ef4b134e39356ae23b0e3c716f359679fafc3832af6b11b55cbe,2018-05-03T23:58:45Z,Mint,,1500000000000000000000
0x623af911f493747c216ad389c7805a37019c662d,0x4643f1119439ef4b134e39356ae23b0e3c716f359679fafc3832af6b11b55cbe,2018-05-03T23:58:45Z,Mint,,1500000000000000000000
0x623af911f493747c216ad389c7805a37019c662d,0x4643f1119439ef4b134e39356ae23b0e3c716f359679fafc3832af6b11b55cbe,2018-05-03T23:58:45Z,Mint,,1500000000000000000000
0x623af911f493747c216ad389c7805a37019c662d,0x4643f1119439ef4b134e39356ae23b0e3c716f359679fafc3832af6b11b55cbe,2018-05-03T23:58:45Z,Mint,,1500000000000000000000
0x623af911f493747c216ad389c7805a37019c662d,0x4643f1119439ef4b134e39356ae23b0e3c716f359679fafc3832af6b11b55cbe,2018-05-03T23:58:45Z,Mint,,1500000000000000000000
0x623af911f493747c216ad389c7805a37019c662d,0x4643f1119439ef4b134e39356ae23b0e3c716f359679fafc3832af6b11b55cbe,2018-05-03T23:58:45Z,Mint,,1500000000000000000000
0x623af911f493747c216ad389c7805a37019c662d,0x4643f1119439ef4b134e39356ae23b0e3c716f359679fafc3832af6b11b55cbe,2018-05-03T23:58:45Z,Mint,,1500000000000000000000
0x623af911f493747c216ad389c7805a37019c662d,0x4643f1119439ef4b134e39356ae23b0e3c716f359679fafc3832af6b11b55cbe,2018-05-03T23:58:45Z,Mint,,1500000000000000000000
0x623af911f493747c216ad389c7805a37019c662d,0x4643f1119439ef4b134e39356ae23b0e3c716f359679fafc3832af6b11b55cbe,2018-05-03T23:58:45Z,Mint,,1500000000000000000000
0x623af911f493747c216ad389c7805a37019c662d,0x4643f1119439ef4b134e39356ae23b0e3c716f359679fafc3832af6b11b55cbe,2018-05-03T23:58:45Z,Mint,,1500000000000000000000
0x623af911f493747c216ad389c7805a37019c662d,0x4643f1119439ef4b134e39356ae23b0e3c716f359679fafc3832af6b11b55cbe,2018-05-03T23:58:45Z,Mint,,1500000000000000000000
0x623af911f493747c216ad389c7805a37019c662d,0x4643f1119439ef4b134e39356ae23b0e3c716f359679fafc3832af6b11b55cbe,2018-05-03T23:58:45Z,Mint,,1500000000000000000000
0x623af911f493747c216ad389c7805a37019c662d,0x4643f1119439ef4b134e39356ae23b0e3c716f359679fafc3832af6b11b55cbe,2018-05-03T23:58:45Z,Mint,,1500000000000000000000
0x623af911f493747c216ad389c7805a37019c662d,0x4643f1119439ef4b134e39356ae23b0e3c716f359679fafc3832af6b11b55cbe,2018-05-03T23:58:45Z,Mint,,1500000000000000000000
0x623af911f493747c216ad389c7805a37019c662d,0x4643f1119439ef4b134e39356ae23b0e3c716f359679fafc3832af6b11b55cbe,2018-05-03T23:58:45Z,Mint,,1500000000000000000000
0x623af911f493747c216ad389c7805a37019c662d,0x4643f1119439ef4b134e39356ae23b0e3c716f359679fafc3832af6b11b55cbe,2018-05-03T23:58:45Z,Mint,,1500000000000000000000
0x623af911f493747c216ad389c7805a37019c662d,0x4643f1119439ef4b134e39356ae23b0e3c716f359679fafc3832af6b11b55cbe,2018-05-03T23:58:45Z,Mint,,1500000000000000000000
0x623af911f493747c216ad389c7805a37019c662d,0x4643f1119439ef4b134e39356ae23b0e3c716f359679fafc3832af6b11b55cbe,2018-05-03T23:58:45Z,Mint,,1500000000000000000000
0x623af911f493747c216ad389c7805a37019c662d,0x4643f1119439ef4b134e39356ae23b0e3c716f359679fafc3832af6b11b55cbe,2018-05-03T23:58:45Z,Mint,,1500000000000000000000
0x623af911f493747c216ad389c7805a37019c662d,0x4643f1119439ef4b134e39356ae23b0e3c716f359679fafc3832af6b11b55cbe,2018-05-03T23:58:45Z,Mint,,1500000000000000000000
0x623af911f493747c216ad389c7805a37019c662d,0x4643f1119439ef4b134e39356ae23b0e3c716f359679fafc3832af6b11b55cbe,2018-05-03T23:58:45Z,Mint,,1500000000000000000000
0x623af911f493747c216ad389c7805a37019c662d,0x4643f1119439ef4b134e39356ae23b0e3c716f359679fafc3832af6b11b55cbe,2018-05-03T23:58:45Z,Mint,,1500000000000000000000
0x623af911f493747c216ad389c7805a37019c662d,0x4643f1119439ef4b134e39356ae23b0e3c716f359679fafc3832af6b11b55cbe,2018-05-03T23:58:45Z,Mint,,1500000000000000000000
0x623af911f493747c216ad389c7805a37019c662d,0x4643f1119439ef4b134e39356ae23b0e3c716f359679fafc3832af6b11b55cbe,2018-05-03T23:58:45Z,Mint,,1500000000000000000000
0x623af911f493747c216ad389c7805a37019c662d,0x4643f1119439ef4b134e39356ae23b0e3c716f359679fafc3832af6b11b55cbe,2018-05-03T23:58:45Z,Mint,,1500000000000000000000
0x623af911f493747c216ad389c7805a37019c662d,0x4643f1119439ef4b134e39356ae23b0e3c716f359679fafc3832af6b11b55cbe,2018-05-03T23:58:45Z,Mint,,1500000000000000000000
0x623af911f493747c216ad389c7805a37019c662d,0x4643f1119439ef4b134e39356ae23b0e3c716f359679fafc3832af6b11b55cbe,2018-05-03T23:58:45Z,Mint,,1500000000000000000000
0x623af911f493747c216ad389c7805a37019c662d,0x4643f1119439ef4b134e39356ae23b0e3c716f359679fafc3832af6b11b55cbe,2018-05-03T23:58:45Z,Mint,,1500000000000000000000
0x623af911f493747c216ad389c7805a37019c662d,0x4643f1119439ef4b134e39356ae23b0e3c716f359679fafc3832af6b11b55cbe,2018-05-03T23:58:45Z,Mint,,1500000000000000000000
0x623af911f493747c216ad389c7805a37019c662d,0x4643f1119439ef4b134e39356ae23b0e3c716f359679fafc3832af6b11b55cbe,2018-05-03T23:58:45Z,Mint,,1500000000000000000000
0x623af911f493747c216ad389c7805a37019c662d,0x4643f1119439ef4b134e39356ae23b0e3c716f359679fafc3832af6b11b55cbe,2018-05-03T23:58:45Z,Mint,,1500000000000000000000
0x623af911f493747c216ad389c7805a37019c662d,0x4643f1119439ef4b134e39356ae23b0e3c716f359679fafc3832af6b11b55cbe,2018-05-03T23:58:45Z,Mint,,1500000000000000000000
0x623af911f493747c216ad389c7805a37019c662d,0x4643f1119439ef4b134e39356ae23b0e3c716f359679fafc3832af6b11b55cbe,2018-05-03T23:58:45Z,Mint,,1500000000000000000000
0x623af911f493747c216ad389c7805a37019c662d,0x4643f1119439ef4b134e39356ae23b0e3c716f359679fafc3832af6b11b55cbe,2018-05-03T23:58:45Z,Mint,,1500000000000000000000
0x623af911f493747c216ad389c7805a37019c662d,0x4643f1119439ef4b134e39356ae23b0e3c716f359679fafc3832af6b11b55cbe,2018-05-03T23:58:45Z,Mint,,1500000000000000000000
0x623af911f493747c216ad389c7805a37019c662d,0x4643f1119439ef4b134e39356ae23b0e3c716f359679fafc3832af6b11b55cbe,2018-05-03T23:58:45Z,Mint,,1500000000000000000000
0x623af911f493747c216ad389c7805a37019c662d,0x4643f1119439ef4b134e39356ae23b0e3c716f359679fafc3832af6b11b55cbe,2018-05-03T23:58:45Z,Mint,,1500000000000000000000
0x623af911f493747c216ad389c7805a37019c662d,0x4643f1119439ef4b134e39356ae23b0e3c716f359679fafc3832af6b11b55cbe,2018-05-03T23:58:45Z,Mint,,1500000000000000000000
0x623af911f493747c216ad389c7805a37019c662d,0x4643f1119439ef4b134e39356ae23b0e3c716f359679fafc3832af6b11b55cbe,2018-05-03T23:58:45Z,Mint,,1500000000000000000000
0x623af911f493747c216ad389c7805a37019c662d,0x4643f1119439ef4b134e39356ae23b0e3c716f359679fafc3832af6b11b55cbe,2018-05-03T23:58:45Z,Mint,,1500000000000000000000
0x623af911f493747c216ad389c7805a37019c662d,0x4643f1119439ef4b134e39356ae23b0e3c716f359679fafc3832af6b11b55cbe,2018-05-03T23:58:45Z,Mint,,1500000000000000000000
0x623af911f493747c216ad389c7805a37019c662d,0x4643f1119439ef4b134e39356ae23b0e3c716f359679fafc3832af6b11b55cbe,2018-05-03T23:58:45Z,Mint,,1500000000000000000000
0x623af911f493747c216ad389c7805a37019c662d,0x4643f1119439ef4b134e39356ae23b0e3c716f359679fafc3832af6b11b55cbe,2018-05-03T23:58:45Z,Mint,,1500000000000000000000
0x623af911f493747c216ad389c7805a37019c662d,0x4643f1119439ef4b134e39356ae23b0e3c716f359679fafc3832af6b11b55cbe,2018-05-03T23:58:45Z,Mint,,1500000000000000000000
0x623af911f493747c216ad389c7805a37019c662d,0x4643f1119439ef4b134e39356ae23b0e3c716f359679fafc3832af6b11b55cbe,2018-05-03T23:58:45Z,Mint,,1500000000000000000000
0x623af911f493747c216ad389c7805a37019c662d,0x4643f1119439ef4b134e39356ae23b0e3c716f359679fafc3832af6b11b55cbe,2018-05-03T23:58:45Z,Mint,,1500000000000000000000
0x623af911f493747c216ad389c7805a37019c662d,0x4643f1119439ef4b134e39356ae23b0e3c716f359679fafc3832af6b11b55cbe,2018-05-03T23:58:45Z,Mint,,1500000000000000000000
0x623af911f493747c216ad389c7805a37019c662d,0x4643f1119439ef4b134e39356ae23b0e3c716f359679fafc3832af6b11b55cbe,2018-05-03T23:58:45Z,Mint,,1500000000000000000000
0x623af911f493747c216ad389c7805a37019c662d,0x4643f1119439ef4b134e39356ae23b0e3c716f359679fafc3832af6b11b55cbe,2018-05-03T23:58:45Z,Mint,,1500000000000000000000
0x623af911f493747c216ad389c7805a37019c662d,0x4643f1119439ef4b134e39356ae23b0e3c716f359679fafc3832af6b11b55cbe,2018-05-03T23:58:45Z,Mint,,1500000000000000000000
0x623af911f493747c216ad389c7805a37019c662d,0x4643f1119439ef4b134e39356ae23b0e3c716f359679fafc3832af6b11b55cbe,2018-05-03T23:58:45Z,Mint,,1500000000000000000000
0x623af911f493747c216ad389c7805a37019c662d,0x4643f1119439ef4b134e39356ae23b0e3c716f359679fafc3832af6b11b55cbe,2018-05-03T23:58:45Z,Mint,,1500000000000000000000
0x623af911f493747c216ad389c7805a37019c662d,0x4643f1119439ef4b134e39356ae23b0e3c716f359679fafc3832af6b11b55cbe,2018-05-03T23:58:45Z,Mint,,1500000000000000000000
0x623af911f493747c216ad389c7805a37019c662d,0x4643f1119439ef4b134e39356ae23b0e3c716f359679fafc3832af6b11b55cbe,2018-05-03T23:58:45Z,Mint,,1500000000000000000000
0x623af911f493747c216ad389c7805a37019c662d,0x4643f1119439ef4b134e39356ae23b0e3c716f359679fafc3832af6b11b55cbe,2018-05-03T23:58:45Z,Mint,,1500000000000000000000
0x623af911f493747c216ad389c7805a37019c662d,0x4643f1119439ef4b134e39356ae23b0e3c716f359679fafc3832af6b11b55cbe,2018-05-03T23:58:45Z,Mint,,1500000000000000000000
0x623af911f493747c216ad389c7805a37019c662d,0x4643f1119439ef4b134e39356ae23b0e3c716f359679fafc3832af6b11b55cbe,2018-05-03T23:58:45Z,Mint,,1500000000000000000000
0x623af911f493747c216ad389c7805a37019c662d,0x4643f1119439ef4b134e39356ae23b0e3c716f359679fafc3832af6b11b55cbe,2018-05-03T23:58:45Z,Mint,,1500000000000000000000
0x623af911f493747c216ad389c7805a37019c662d,0x4643f1119439ef4b134e39356ae23b0e3c716f359679fafc3832af6b11b55cbe,2018-05-03T23:58:45Z,Mint,,1500000000000000000000
0x623af911f493747c216ad389c7805a37019c662d,0x4643f1119439ef4b134e39356ae23b0e3c716f359679fafc3832af6b11b55cbe,2018-05-03T23:58:45Z,Mint,,1500000000000000000000
0x623af911f493747c216ad389c7805a37019c662d,0x4643f1119439ef4b134e39356ae23b0e3c716f359679fafc3832af6b11b55cbe,2018-05-03T23:58:45Z,Mint,,1500000000000000000000
0x623af911f493747c216ad389c7805a37019c662d,0x4643f1119439ef4b134e39356ae23b0e3c716f359679fafc3832af6b11b55cbe,2018-05-03T23:58:45Z,Mint,,1500000000000000000000
0x6a2752a534faacaaa153bffbb973dd84e0e5497b,0xe475415388e95e1c8e06257d7a143feaef862cf6c32244c99e61be473c445e87,2020-12-20T09:15:20Z,Mint,,
0x6d69ca3711e504658977367e13c300ab198379f1,0x4d7bc5327f90bac17b337ad22e1b95a74a357126e313f615098328506a600baf,2020-11-03T12:59:51Z,Mint,,
0x6e355417f7f56e7927d1cd971f0b5a1e6d538487,0x0043063f9d3f4a6ac6ad313170fbf9ffa377b4478cd47f4500404cd0c12091cd,2020-11-24T17:38:02Z,Redeem,,
0x6e355417f7f56e7927d1cd971f0b5a1e6d538487,0x882c50722a2838c7d2f268ef8ff76bb0ccc814db65b45625d9793dcec5054b35,2020-11-21T03:21:05Z,Mint,,
0x70c1864282599a762c674dd9d567b37e13bce755,0xf92a26260d7c832c963b60d6675dfdb3387ab22d6a9bd225750e39bb9d93d975,2020-11-09T21:53:47Z,Mint,,
0x70d8e4ab175dfe0eab4e9a7f33e0a2d19f44001e,0x17d67adc9145c46d07ee2295295bccac3cf5996d47546a8ec3044b81dd7750c6,2020-05-30T11:21:51Z,Redeem,,
0x70d8e4ab175dfe0eab4e9a7f33e0a2d19f44001e,0x12334f3cdb54f64f501437217fb7d91e2acb9b108590e08d1b042e42e4cd2348,2020-05-30T11:17:19Z,Redeem,,
0x70d8e4ab175dfe0eab4e9a7f33e0a2d19f44001e,0x3a92f60ebc6d5e64b412b50a6f3b2c8c84f0e515441183e4b24b53bd8f643681,2020-05-30T10:14:49Z,Redeem,,
0x70d8e4ab175dfe0eab4e9a7f33e0a2d19f44001e,0x5ceb82a9dd1db521ed1f2e31ddf91f9be2043003b05f2e23d416bae8c988ac41,2020-05-29T02:25:57Z,Redeem,,
0x70d8e4ab175dfe0eab4e9a7f33e0a2d19f44001e,0x43eec1c3e264bcde2a54f3fbc75c533d3acb43f0f5c078b0b9ea8c23c166ecb9,2020-05-27T08:15:38Z,RepayBorrow,,
0x70d8e4ab175dfe0eab4e9a7f33e0a2d19f44001e,0x6507e6f8d1a5e2c26d7dae262cccb98f665d9373988b469bb030aafff5e73e30,2020-05-27T06:06:13Z,Redeem,,
0x70d8e4ab175dfe0eab4e9a7f33e0a2d19f44001e,0xc9fca90345c816482292861cfa073931fbb8c452d0c578466fc96cc0109783b7,2020-05-27T06:03:07Z,RepayBorrow,,
0x70d8e4ab175dfe0eab4e9a7f33e0a2d19f44001e,0x5c11177de06b63a88810f18b340ce9e7e9af6ab9cd90050ff67b2361d3e65c25,2020-05-27T04:38:26Z,RepayBorrow,,
0x70d8e4ab175dfe0eab4e9a7f33e0a2d19f44001e,0x5582bb1a2a9695e38058a2e7771a4da61ea00b0c4065bfe4ece2d564c54508f0,2020-05-23T22:34:31Z,Mint,,
0x70d8e4ab175dfe0eab4e9a7f33e0a2d19f44001e,0xad042cd46713deafdd11d3eb44ddb8b2fb2692eef421891cfe1cffa206d018ef,2020-05-17T10:52:13Z,Mint,,
0x70d8e4ab175dfe0eab4e9a7f33e0a2d19f44001e,0xb2213f36dab70ef21cea37e09664c559a7bcd206793eab67a37c20e7808df67e,2020-05-17T08:13:49Z,Mint,,
0x70d8e4ab175dfe0eab4e9a7f33e0a2d19f44001e,0x1441f8034ed0b62479e16134e57b46ae08571fb49b6fa3986fb507dbf8e677cc,2020-05-12T12:01:58Z,RepayBorrow,,
0x70d8e4ab175dfe0eab4e9a7f33e0a2d19f44001e,0x58a3594393046289f8fb3ad852cee1c5d9667edeec0c3fe9223d20e967dbc1bc,2020-05-11T20:34:16Z,Mint,,
0x70d8e4ab175dfe0eab4e9a7f33e0a2d19f44001e,0xb812331fb28ba20df927d75d3a07b8c29bf4458bf46ff7a04218200ca51fa616,2020-05-09T12:41:17Z,Borrow,,
0x70d8e4ab175dfe0eab4e9a7f33e0a2d19f44001e,0xa1f560c67e3042b7ae88de6fec66c338ee165d847f8ac87615d36e7d48e7f40b,2020-05-09T12:37:19Z,Mint,,
0x70d8e4ab175dfe0eab4e9a7f33e0a2d19f44001e,0x0994c0aa5d5efa88be7439f7352b372ab4486d3c473f860cc4ded5cb341f15a5,2020-05-09T12:26:29Z,Borrow,,
0x70d8e4ab175dfe0eab4e9a7f33e0a2d19f44001e,0x404a8e50ddc2bbc7bff6845ed2e0fe4045515df64384bd2c8a4bd4933dd57cdf,2020-05-09T12:13:11Z,Mint,,
0x70d8e4ab175dfe0eab4e9a7f33e0a2d19f44001e,0x7d5a0eb676cee02f84787dd9e9f3f83b8402b542c3b2c2c0e9738e5e1d856878,2020-05-09T03:49:27Z,Borrow,,
0x7399dbeebe2f88bc6ac4e3fd7ddb836a4bce322f,0xab35f3cfcb0b7a521d0167d0ae3c0bab12e192d0ee3a7747a579c440a1d4903a,2020-11-21T22:17:11Z,Mint,,
0x767055590c73b7d2aaa6219da13807c493f91a20,0x51803bacbfbf0a2d3b3b4d620fdba80142e172f5c87655be291f0ab7fe80f4da,2020-11-08T05:35:38Z,Mint,,
0x7851bdfb64bbecfb40c030d722a1f147dff5db6a,0xfb3928f535b3286519667223d020ccbbea66aeaf6b924eccd5e57fc4d500459e,2020-09-21T16:18:22Z,Redeem,,
0x7851bdfb64bbecfb40c030d722a1f147dff5db6a,0x8aa974bd69a79180052973906c6d7cc7b0dcabff944afb6ad55dc2ae64250b7b,2020-06-23T18:34:59Z,Mint,,
0x7b4636320daa0bc055368a4f9b9d01bd8ac51877,0x297cb7964dd4f990f73e053798b5d773f2736bc96127ffbfa8e871eb31dfd4d1,2020-11-12T04:39:56Z,Mint,,
0x7b57dbe2f2e4912a29754ff3e412ed9507fd8957,0x5e28ebeb2b115ec55bf39b9aaae18e5813606f8d57faa0e348704b27f8a3bd25,2020-11-07T18:13:10Z,Redeem,,
0x7b57dbe2f2e4912a29754ff3e412ed9507fd8957,0x5a6ebb79449700093949b3ecce693f63bdb23155e425948e2402c4c4cbd7937c,2020-11-07T18:12:36Z,Redeem,,
0x7b57dbe2f2e4912a29754ff3e412ed9507fd8957,0x1a24ad655c7d246614a7478d11eaccc0d03f988be2c37c6a4ebdac0d21683dca,2020-11-06T23:27:37Z,Mint,,
0x7be3dfb5b6fcbae542ea85e76cc19916a20f6c1e,0xc779690c33dcaef8edb588077a6bd05e7f1fd187a464f4d0020b55c39af44194,2020-11-08T01:41:49Z,Mint,,
0x7be3dfb5b6fcbae542ea85e76cc19916a20f6c1e,0x92912733535ea23eeeb22824abf95c29e9aa17d54d076b915a1e15f5700a156d,2020-11-08T01:24:39Z,Mint,,
0x7de76a449cf60ea3e111ff18b28e516d89532152,0xffc60d93cbf54b0e4c3e49cca9267830b5dbfc31bf77c828e83bf50bdde835b3,2020-11-05T05:18:47Z,Mint,,
0x7e3eab408b9c76a13305ef34606f17c16f7b33cc,0xecad0c9227ee3165f113fc8bd3ad5d037a7ef6d8bcb5e6d202c55a251ae90a6d,2020-05-08T00:36:25Z,Redeem,,
0x7e3eab408b9c76a13305ef34606f17c16f7b33cc,0x10ca68b7c3fe266904d262c2ab20facb4f5bacb6c3c59b90aba08bf6dec07ffe,2020-01-30T19:53:43Z,Mint,,
0x7e3eab408b9c76a13305ef34606f17c16f7b33cc,0x2198b481324790a1f82ca66bf1f013cd7915bd83008b783fe261eeec2b31285b,2020-01-30T19:24:16Z,Mint,,
0x7f5e6a28afc9fb0aaf4259d4ff69991b88ebea47,0xd0b585b3b57845d2984234e7010aab6692995674cb232e64decd745b1d8ce24d,2020-12-12T19:47:53Z,Mint,,
0x83ea74c67d393c6894c34c464657bda2183a2f1a,0x1b74fd0f2295290791ebed0c6bf320370efaf2a2e2b2d5a8729e5d908db70593,2020-11-05T19:07:15Z,Mint,,
0x8441fecef5cc6f697be2c4fc4a36feacede8df67,0x7a55f44334ed4a71cc03396e2e6b1ea307743dc313089bf80e5ad333ffd17a50,2020-10-15T04:58:04Z,Mint,,
0x854a873b8f9bfac36a5eb9c648e285a095a7478d,0x8cde1793ea422a714d01a64a39be76c16d74a78e1cba1d70b93632fa5ab2e078,2020-11-19T10:27:47Z,Mint,,
0x8587d9f794f06d976c2ec1cfd523983b856f5ca9,0x5e35aadefedce8d3a23de62660e21cc6112906e76dc32335f58f7b561be7ef31,2020-11-15T00:57:18Z,Mint,,
0x880a0af12da55df1197f41697c1a1b61670ed410,0x19fb80521fa45d4b4608b1661d58261597c0022b4b5e5110618433c0e2c4dc59,2020-11-04T17:53:55Z,Redeem,,
0x880a0af12da55df1197f41697c1a1b61670ed410,0xacb44b81513efef8d176d156abdcac570f42cf8868ab4e9fabc5275fe938954a,2020-11-04T17:46:52Z,Redeem,,
0x880a0af12da55df1197f41697c1a1b61670ed410,0xbde15bc19db81c3b5e3e4e9ffc946ec9f578fd5aef45e82dde6dd3ae80b2403c,2020-11-04T17:46:18Z,Mint,,
0x880a0af12da55df1197f41697c1a1b61670ed410,0xa65021900175296de1e20d5e288a51bd9c428af9da590af39855468d2a597bdb,2020-11-04T17:32:50Z,Mint,,
0x8aaece100580b749a20f8ce30338c4e0770b65ed,0x6940a7e4d86029a9ed4c1fa4426e2d34a63a187d08a1a09af068afca8d5cdbc3,2020-10-15T17:12:00Z,Mint,,
0x8be38ea2b22b706aef313c2de81f7d179024dd30,0x027e4e7cad5eb20ead902a9c925b419333538bf30aa6dcae9cd91d93e3bbcd19,2021-06-01T16:33:35Z,Redeem,,
0x8be38ea2b22b706aef313c2de81f7d179024dd30,0x6edb47bfd16a77f6a9bd7fabbc62f77d94e59b453cfbdaf9457a15b989e8b1c7,2021-05-06T10:21:53Z,Redeem,,
0x8be38ea2b22b706aef313c2de81f7d179024dd30,0x801aadb7b05c84dfd63c5154878edbf25006bdad9f1940e1ac36168bdd704952,2021-04-11T17:37:31Z,Mint,,
0x8be38ea2b22b706aef313c2de81f7d179024dd30,0x17d165f70fba8374202b283adba2016c026ecb93b6570cce87fc6f5368a81514,2021-04-11T10:12:04Z,Mint,,
0x8d900f213db5205c529aaba5d10e71a0ed2646db,0x940ceb5729de31d3673d5744ca41d808008b070f01d812f1c1d2831effc20638,2021-01-14T01:42:02Z,Redeem,,
0x8d900f213db5205c529aaba5d10e71a0ed2646db,0x5fffce344af6d034a39cb927f55a6840d1284795d663417f621afddb8bf99487,2021-01-10T09:11:22Z,Mint,,
0x91919344c1dad09772d19ad8ad4f1bcd29c51f27,0x35fa199c9cb7081def7cef4dbe28e92430e39c17d66ffd2f1810ec61a1950e76,2020-11-13T20:25:02Z,Mint,,
0x93f0891bf71d8abed78e0de0885bd26355bb8b1d,0x89d26b76856fb8f2c0719922f0993e684527e7b5fe696ab323f268ec1db1ad2a,2020-10-20T19:11:57Z,Mint,,
0x93f0891bf71d8abed78e0de0885bd26355bb8b1d,0x71c58ca94692cba888dae68c648040ab91b4f9dc3742fa0bafd6ae8d78538fd4,2020-10-20T19:02:45Z,Mint,,
0x96bb4447a02b95f1d1e85374cffd565eb22ed2f8,0x454e322f2a05c4e41652577e0fc464994103114f1c3462687c586f8576cbc2a2,2020-11-28T16:19:14Z,Mint,,
0x9a363adc5d382c04d36b09158286328f75672098,0xd5ea02c7607b423d36ea8d407a0c52a4194e9b37209b462e5192642bca2ca638,2019-08-11T02:33:56Z,Mint,,
0x9a363adc5d382c04d36b09158286328f75672098,0x3de12f85559de2b550f905f718c3e4db0ca558e4f28052eedc769662d876d338,2019-07-28T04:52:57Z,Mint,,9586668339032228
0x9a363adc5d382c04d36b09158286328f75672098,0x3de12f85559de2b550f905f718c3e4db0ca558e4f28052eedc769662d876d338,2019-07-28T04:52:57Z,Mint,,1379000000000000000
0x9ad1331c5b6c5a641acffb32719c66a80c6e1a17,0x157ba433208bb67328910478bad4291f2ae4a7d3e4a1223892966757d228ae7d,2020-10-17T11:13:30Z,Mint,,
0x9ad1331c5b6c5a641acffb32719c66a80c6e1a17,0x8552d771ca4f75ee6ea165f76c343726741a563f707605b833c8d76de4697907,2020-10-17T11:11:00Z,Mint,,
0x9ba0d85f71e145ccf15225e59631e5a883d5d74a,0xde0e149e8e6db3122712077bf4b9f0056d143c8c7995cc600394999259a17679,2025-07-04T02:25:11Z,DistributedBorrowerComp,,
0x9ba0d85f71e145ccf15225e59631e5a883d5d74a,0xde0e149e8e6db3122712077bf4b9f0056d143c8c7995cc600394999259a17679,2025-07-04T02:25:11Z,Borrow,,
0x9ba0d85f71e145ccf15225e59631e5a883d5d74a,0xe6f502af6c8e7729299773054f7e0c74e062d94294b88cf5befec502d6cfc309,2020-11-25T16:36:57Z,Mint,,
0x9e6ec4e98793970a1307262ba68d37594e58cd78,0xf66d10cbd1f778556ec50821735d9cef57adf2ff2d82820b5f877dd3df57a2fa,2020-08-24T22:38:35Z,Redeem,,
0x9e6ec4e98793970a1307262ba68d37594e58cd78,0xbc8eaf22a487b51fe7e7a2cc6a2600ec10d1e97bfc5c2d7d2df962df8dade9a4,2020-08-24T22:36:52Z,DistributedBorrowerComp,,
0x9e6ec4e98793970a1307262ba68d37594e58cd78,0xbc8eaf22a487b51fe7e7a2cc6a2600ec10d1e97bfc5c2d7d2df962df8dade9a4,2020-08-24T22:36:52Z,Borrow,,
0x9e6ec4e98793970a1307262ba68d37594e58cd78,0xbc8eaf22a487b51fe7e7a2cc6a2600ec10d1e97bfc5c2d7d2df962df8dade9a4,2020-08-24T22:36:52Z,LogPoolBorrow,,
0x9e6ec4e98793970a1307262ba68d37594e58cd78,0xbc8eaf22a487b51fe7e7a2cc6a2600ec10d1e97bfc5c2d7d2df962df8dade9a4,2020-08-24T22:36:52Z,DistributedBorrowerComp,,
0x9e6ec4e98793970a1307262ba68d37594e58cd78,0xbc8eaf22a487b51fe7e7a2cc6a2600ec10d1e97bfc5c2d7d2df962df8dade9a4,2020-08-24T22:36:52Z,RepayBorrow,,
0x9e6ec4e98793970a1307262ba68d37594e58cd78,0xbc8eaf22a487b51fe7e7a2cc6a2600ec10d1e97bfc5c2d7d2df962df8dade9a4,2020-08-24T22:36:52Z,Redeem,,
0x9e6ec4e98793970a1307262ba68d37594e58cd78,0xbc8eaf22a487b51fe7e7a2cc6a2600ec10d1e97bfc5c2d7d2df962df8dade9a4,2020-08-24T22:36:52Z,DistributedBorrowerComp,,
0x9e6ec4e98793970a1307262ba68d37594e58cd78,0xbc8eaf22a487b51fe7e7a2cc6a2600ec10d1e97bfc5c2d7d2df962df8dade9a4,2020-08-24T22:36:52Z,RepayBorrow,,
0x9e6ec4e98793970a1307262ba68d37594e58cd78,0x2b796ad0d9bc680932ccdb46ce5058b3332b0a8069deaa2e30bb30eb223065af,2020-08-24T09:52:21Z,Redeem,,
0x9e6ec4e98793970a1307262ba68d37594e58cd78,0xe44efc929b3b6bb4902ca6a5d6594c22fe4e944f5db7c8bbcb8bc8456913c8f1,2020-08-24T09:47:26Z,DistributedBorrowerComp,,
0x9e6ec4e98793970a1307262ba68d37594e58cd78,0xe44efc929b3b6bb4902ca6a5d6594c22fe4e944f5db7c8bbcb8bc8456913c8f1,2020-08-24T09:47:26Z,Borrow,,
0x9e6ec4e98793970a1307262ba68d37594e58cd78,0xe44efc929b3b6bb4902ca6a5d6594c22fe4e944f5db7c8bbcb8bc8456913c8f1,2020-08-24T09:47:26Z,LogPoolBorrow,,
0x9e6ec4e98793970a1307262ba68d37594e58cd78,0xe44efc929b3b6bb4902ca6a5d6594c22fe4e944f5db7c8bbcb8bc8456913c8f1,2020-08-24T09:47:26Z,DistributedBorrowerComp,,
0x9e6ec4e98793970a1307262ba68d37594e58cd78,0xe44efc929b3b6bb4902ca6a5d6594c22fe4e944f5db7c8bbcb8bc8456913c8f1,2020-08-24T09:47:26Z,RepayBorrow,,
0x9e6ec4e98793970a1307262ba68d37594e58cd78,0xe44efc929b3b6bb4902ca6a5d6594c22fe4e944f5db7c8bbcb8bc8456913c8f1,2020-08-24T09:47:26Z,Redeem,,
0x9e6ec4e98793970a1307262ba68d37594e58cd78,0xe44efc929b3b6bb4902ca6a5d6594c22fe4e944f5db7c8bbcb8bc8456913c8f1,2020-08-24T09:47:26Z,DistributedBorrowerComp,,
0x9e6ec4e98793970a1307262ba68d37594e58cd78,0xe44efc929b3b6bb4902ca6a5d6594c22fe4e944f5db7c8bbcb8bc8456913c8f1,2020-08-24T09:47:26Z,RepayBorrow,,
0x9e6ec4e98793970a1307262ba68d37594e58cd78,0xbdaf66c526637249e102d6412df99fa8bbf0d757b8b9c111960efb8596e48ae2,2020-08-06T00:48:39Z,Redeem,,
0x9e6ec4e98793970a1307262ba68d37594e58cd78,0x9fda48dcf88302e97c0f5c63d919592f7d9f8ced939e1de970f2e54fa8bd1f3b,2020-08-06T00:42:41Z,DistributedBorrowerComp,,
0x9e6ec4e98793970a1307262ba68d37594e58cd78,0x9fda48dcf88302e97c0f5c63d919592f7d9f8ced939e1de970f2e54fa8bd1f3b,2020-08-06T00:42:41Z,Borrow,,
0x9e6ec4e98793970a1307262ba68d37594e58cd78,0x9fda48dcf88302e97c0f5c63d919592f7d9f8ced939e1de970f2e54fa8bd1f3b,2020-08-06T00:42:41Z,LogPoolBorrow,,
0x9e6ec4e98793970a1307262ba68d37594e58cd78,0x9fda48dcf88302e97c0f5c63d919592f7d9f8ced939e1de970f2e54fa8bd1f3b,2020-08-06T00:42:41Z,DistributedBorrowerComp,,
0x9e6ec4e98793970a1307262ba68d37594e58cd78,0x9fda48dcf88302e97c0f5c63d919592f7d9f8ced939e1de970f2e54fa8bd1f3b,2020-08-06T00:42:41Z,RepayBorrow,,
0x9e6ec4e98793970a1307262ba68d37594e58cd78,0x9fda48dcf88302e97c0f5c63d919592f7d9f8ced939e1de970f2e54fa8bd1f3b,2020-08-06T00:42:41Z,Redeem,,
0x9e6ec4e98793970a1307262ba68d37594e58cd78,0x9fda48dcf88302e97c0f5c63d919592f7d9f8ced939e1de970f2e54fa8bd1f3b,2020-08-06T00:42:41Z,DistributedBorrowerComp,,
0x9e6ec4e98793970a1307262ba68d37594e58cd78,0x9fda48dcf88302e97c0f5c63d919592f7d9f8ced939e1de970f2e54fa8bd1f3b,2020-08-06T00:42:41Z,RepayBorrow,,
0x9e6ec4e98793970a1307262ba68d37594e58cd78,0x9b28bfd787ed0b6762f799d62223429a719be04637cd7d0e61985a25dbecb2f2,2020-08-06T00:30:43Z,DistributedBorrowerComp,,
0x9e6ec4e98793970a1307262ba68d37594e58cd78,0x9b28bfd787ed0b6762f799d62223429a719be04637cd7d0e61985a25dbecb2f2,2020-08-06T00:30:43Z,Borrow,,
0x9e6ec4e98793970a1307262ba68d37594e58cd78,0x9b28bfd787ed0b6762f799d62223429a719be04637cd7d0e61985a25dbecb2f2,2020-08-06T00:30:43Z,LogPoolBorrow,,
0x9e6ec4e98793970a1307262ba68d37594e58cd78,0x9b28bfd787ed0b6762f799d62223429a719be04637cd7d0e61985a25dbecb2f2,2020-08-06T00:30:43Z,DistributedBorrowerComp,,
0x9e6ec4e98793970a1307262ba68d37594e58cd78,0x9b28bfd787ed0b6762f799d62223429a719be04637cd7d0e61985a25dbecb2f2,2020-08-06T00:30:43Z,RepayBorrow,,
0x9e6ec4e98793970a1307262ba68d37594e58cd78,0x9b28bfd787ed0b6762f799d62223429a719be04637cd7d0e61985a25dbecb2f2,2020-08-06T00:30:43Z,Redeem,,
0x9e6ec4e98793970a1307262ba68d37594e58cd78,0x9b28bfd787ed0b6762f799d62223429a719be04637cd7d0e61985a25dbecb2f2,2020-08-06T00:30:43Z,DistributedBorrowerComp,,
0x9e6ec4e98793970a1307262ba68d37594e58cd78,0x9b28bfd787ed0b6762f799d62223429a719be04637cd7d0e61985a25dbecb2f2,2020-08-06T00:30:43Z,RepayBorrow,,
0x9e6ec4e98793970a1307262ba68d37594e58cd78,0xf70e48f1d99ebd26de9c668e23da0128bee8c333f3a2f674f288467226b9f939,2020-08-01T23:59:46Z,DistributedBorrowerComp,,
0x9e6ec4e98793970a1307262ba68d37594e58cd78,0xf70e48f1d99ebd26de9c668e23da0128bee8c333f3a2f674f288467226b9f939,2020-08-01T23:59:46Z,DistributedBorrowerComp,,
0x9e6ec4e98793970a1307262ba68d37594e58cd78,0xf70e48f1d99ebd26de9c668e23da0128bee8c333f3a2f674f288467226b9f939,2020-08-01T23:59:46Z,DistributedBorrowerComp,,
0x9e6ec4e98793970a1307262ba68d37594e58cd78,0xf70e48f1d99ebd26de9c668e23da0128bee8c333f3a2f674f288467226b9f939,2020-08-01T23:59:46Z,DistributedBorrowerComp,,
0x9e6ec4e98793970a1307262ba68d37594e58cd78,0xf70e48f1d99ebd26de9c668e23da0128bee8c333f3a2f674f288467226b9f939,2020-08-01T23:59:46Z,DistributedBorrowerComp,,
0x9e6ec4e98793970a1307262ba68d37594e58cd78,0xf70e48f1d99ebd26de9c668e23da0128bee8c333f3a2f674f288467226b9f939,2020-08-01T23:59:46Z,DistributedBorrowerComp,,
0x9e6ec4e98793970a1307262ba68d37594e58cd78,0xf70e48f1d99ebd26de9c668e23da0128bee8c333f3a2f674f288467226b9f939,2020-08-01T23:59:46Z,DistributedBorrowerComp,,
0x9e6ec4e98793970a1307262ba68d37594e58cd78,0xf70e48f1d99ebd26de9c668e23da0128bee8c333f3a2f674f288467226b9f939,2020-08-01T23:59:46Z,DistributedBorrowerComp,,
0x9e6ec4e98793970a1307262ba68d37594e58cd78,0x7a57350748f23636a470472fa09a57e9f0cda24abae81329853a3039f45b7af3,2020-07-28T00:32:01Z,Redeem,,
0x9e6ec4e98793970a1307262ba68d37594e58cd78,0x3f133136d262aa9bc33be5f1d859c3a6378639b8cd02383d92adfff8c137de87,2020-07-28T00:28:42Z,DistributedBorrowerComp,,
0x9e6ec4e98793970a1307262ba68d37594e58cd78,0x3f133136d262aa9bc33be5f1d859c3a6378639b8cd02383d92adfff8c137de87,2020-07-28T00:28:42Z,Borrow,,
0x9e6ec4e98793970a1307262ba68d37594e58cd78,0x3f133136d262aa9bc33be5f1d859c3a6378639b8cd02383d92adfff8c137de87,2020-07-28T00:28:42Z,LogPoolBorrow,,
0x9e6ec4e98793970a1307262ba68d37594e58cd78,0x3f133136d262aa9bc33be5f1d859c3a6378639b8cd02383d92adfff8c137de87,2020-07-28T00:28:42Z,DistributedBorrowerComp,,
0x9e6ec4e98793970a1307262ba68d37594e58cd78,0x3f133136d262aa9bc33be5f1d859c3a6378639b8cd02383d92adfff8c137de87,2020-07-28T00:28:42Z,RepayBorrow,,
0x9e6ec4e98793970a1307262ba68d37594e58cd78,0x3f133136d262aa9bc33be5f1d859c3a6378639b8cd02383d92adfff8c137de87,2020-07-28T00:28:42Z,Redeem,,
0x9e6ec4e98793970a1307262ba68d37594e58cd78,0x3f133136d262aa9bc33be5f1d859c3a6378639b8cd02383d92adfff8c137de87,2020-07-28T00:28:42Z,DistributedBorrowerComp,,
0x9e6ec4e98793970a1307262ba68d37594e58cd78,0x3f133136d262aa9bc33be5f1d859c3a6378639b8cd02383d92adfff8c137de87,2020-07-28T00:28:42Z,RepayBorrow,,
0x9e6ec4e98793970a1307262ba68d37594e58cd78,0x1378f464c9bf64714e81e0661f66d269c767da7f0e9fc51d0e39eaa67bd4dc36,2020-07-25T11:19:26Z,DistributedBorrowerComp,,
0x9e6ec4e98793970a1307262ba68d37594e58cd78,0x1378f464c9bf64714e81e0661f66d269c767da7f0e9fc51d0e39eaa67bd4dc36,2020-07-25T11:19:26Z,Borrow,,
0x9e6ec4e98793970a1307262ba68d37594e58cd78,0x1378f464c9bf64714e81e0661f66d269c767da7f0e9fc51d0e39eaa67bd4dc36,2020-07-25T11:19:26Z,LogPoolBorrow,,
0x9e6ec4e98793970a1307262ba68d37594e58cd78,0x1378f464c9bf64714e81e0661f66d269c767da7f0e9fc51d0e39eaa67bd4dc36,2020-07-25T11:19:26Z,Mint,,
0x9e6ec4e98793970a1307262ba68d37594e58cd78,0x1378f464c9bf64714e81e0661f66d269c767da7f0e9fc51d0e39eaa67bd4dc36,2020-07-25T11:19:26Z,DistributedBorrowerComp,,
0x9e6ec4e98793970a1307262ba68d37594e58cd78,0x1378f464c9bf64714e81e0661f66d269c767da7f0e9fc51d0e39eaa67bd4dc36,2020-07-25T11:19:26Z,Borrow,,
0x9e6ec4e98793970a1307262ba68d37594e58cd78,0x1378f464c9bf64714e81e0661f66d269c767da7f0e9fc51d0e39eaa67bd4dc36,2020-07-25T11:19:26Z,LogBorrow,,
0x9e6ec4e98793970a1307262ba68d37594e58cd78,0x1378f464c9bf64714e81e0661f66d269c767da7f0e9fc51d0e39eaa67bd4dc36,2020-07-25T11:19:26Z,DistributedBorrowerComp,,
0x9e6ec4e98793970a1307262ba68d37594e58cd78,0x1378f464c9bf64714e81e0661f66d269c767da7f0e9fc51d0e39eaa67bd4dc36,2020-07-25T11:19:26Z,RepayBorrow,,
0x9e6ec4e98793970a1307262ba68d37594e58cd78,0x9083ebd4dcaa4199c30e6a5926cb624545842527e8fce44cfa6c474dbed453f9,2020-07-25T11:12:29Z,Mint,,
0x9e6ec4e98793970a1307262ba68d37594e58cd78,0xd81ae77e91c3943eb1170e0658f90315a423312a1fabaf0b0e853ea94a7fdafa,2020-07-24T06:37:03Z,DistributedBorrowerComp,,
0x9e6ec4e98793970a1307262ba68d37594e58cd78,0x823c8b8a38b711079313897f9428f95a5064714ca7cfe3f08e2a8d7fc8f07be5,2020-07-16T01:54:03Z,DistributedBorrowerComp,,
0x9e6ec4e98793970a1307262ba68d37594e58cd78,0x823c8b8a38b711079313897f9428f95a5064714ca7cfe3f08e2a8d7fc8f07be5,2020-07-16T01:54:03Z,Borrow,,
0x9e6ec4e98793970a1307262ba68d37594e58cd78,0x823c8b8a38b711079313897f9428f95a5064714ca7cfe3f08e2a8d7fc8f07be5,2020-07-16T01:54:03Z,LogPoolBorrow,,
0x9e6ec4e98793970a1307262ba68d37594e58cd78,0x823c8b8a38b711079313897f9428f95a5064714ca7cfe3f08e2a8d7fc8f07be5,2020-07-16T01:54:03Z,Mint,,
0x9e6ec4e98793970a1307262ba68d37594e58cd78,0x823c8b8a38b711079313897f9428f95a5064714ca7cfe3f08e2a8d7fc8f07be5,2020-07-16T01:54:03Z,DistributedBorrowerComp,,
0x9e6ec4e98793970a1307262ba68d37594e58cd78,0x823c8b8a38b711079313897f9428f95a5064714ca7cfe3f08e2a8d7fc8f07be5,2020-07-16T01:54:03Z,Borrow,,
0x9e6ec4e98793970a1307262ba68d37594e58cd78,0x823c8b8a38b711079313897f9428f95a5064714ca7cfe3f08e2a8d7fc8f07be5,2020-07-16T01:54:03Z,LogBorrow,,
0x9e6ec4e98793970a1307262ba68d37594e58cd78,0x823c8b8a38b711079313897f9428f95a5064714ca7cfe3f08e2a8d7fc8f07be5,2020-07-16T01:54:03Z,DistributedBorrowerComp,,
0x9e6ec4e98793970a1307262ba68d37594e58cd78,0x823c8b8a38b711079313897f9428f95a5064714ca7cfe3f08e2a8d7fc8f07be5,2020-07-16T01:54:03Z,RepayBorrow,,
0x9e6ec4e98793970a1307262ba68d37594e58cd78,0x4bb5637f9174cab6d0527eda3f44f45e4983755981ef5741343554f1805641b2,2020-07-16T01:49:33Z,Mint,,
0x9e6ec4e98793970a1307262ba68d37594e58cd78,0x2911b8fdcd065f44720d3c66336344b23f09b21667377e2fb0e2b5f4f09b58d6,2020-07-09T02:33:33Z,Mint,,
0x9e6ec4e98793970a1307262ba68d37594e58cd78,0x0c5657089a0a9aface8fb695d9168465fc1345ff06baf017fb97901637c16a01,2020-07-09T02:26:08Z,Mint,,
0x9e6ec4e98793970a1307262ba68d37594e58cd78,0x0c5657089a0a9aface8fb695d9168465fc1345ff06baf017fb97901637c16a01,2020-07-09T02:26:08Z,DistributedBorrowerComp,,
0x9e6ec4e98793970a1307262ba68d37594e58cd78,0x0c5657089a0a9aface8fb695d9168465fc1345ff06baf017fb97901637c16a01,2020-07-09T02:26:08Z,Borrow,,
0x9e6ec4e98793970a1307262ba68d37594e58cd78,0x0c5657089a0a9aface8fb695d9168465fc1345ff06baf017fb97901637c16a01,2020-07-09T02:26:08Z,LogBorrow,,
0x9e6ec4e98793970a1307262ba68d37594e58cd78,0x4053ea9894e5aeb23efe89b0c5ee4d823d277c744b297716af6ea723aa78ddcd,2020-07-09T02:22:09Z,Mint,,
0x9e6ec4e98793970a1307262ba68d37594e58cd78,0x4053ea9894e5aeb23efe89b0c5ee4d823d277c744b297716af6ea723aa78ddcd,2020-07-09T02:22:09Z,DistributedBorrowerComp,,
0x9e6ec4e98793970a1307262ba68d37594e58cd78,0x4053ea9894e5aeb23efe89b0c5ee4d823d277c744b297716af6ea723aa78ddcd,2020-07-09T02:22:09Z,Borrow,,
0x9e6ec4e98793970a1307262ba68d37594e58cd78,0x4053ea9894e5aeb23efe89b0c5ee4d823d277c744b297716af6ea723aa78ddcd,2020-07-09T02:22:09Z,LogBorrow,,
0x9e6ec4e98793970a1307262ba68d37594e58cd78,0xd031cf1fed33786d3dec29c133c35610fbf9bf4a786da9d5215ca9f11f519226,2020-07-09T02:19:44Z,Mint,,
0x9e6ec4e98793970a1307262ba68d37594e58cd78,0xd031cf1fed33786d3dec29c133c35610fbf9bf4a786da9d5215ca9f11f519226,2020-07-09T02:19:44Z,DistributedBorrowerComp,,
0x9e6ec4e98793970a1307262ba68d37594e58cd78,0xd031cf1fed33786d3dec29c133c35610fbf9bf4a786da9d5215ca9f11f519226,2020-07-09T02:19:44Z,Borrow,,
0x9e6ec4e98793970a1307262ba68d37594e58cd78,0xd031cf1fed33786d3dec29c133c35610fbf9bf4a786da9d5215ca9f11f519226,2020-07-09T02:19:44Z,LogBorrow,,
0x9e6ec4e98793970a1307262ba68d37594e58cd78,0xe16985c968123ee7838a1f89b3b011da7b6d3750cff8df1b3cc3210790c4847d,2020-07-09T02:16:46Z,Mint,,
0x9e6ec4e98793970a1307262ba68d37594e58cd78,0xe16985c968123ee7838a1f89b3b011da7b6d3750cff8df1b3cc3210790c4847d,2020-07-09T02:16:46Z,DistributedBorrowerComp,,
0x9e6ec4e98793970a1307262ba68d37594e58cd78,0xe16985c968123ee7838a1f89b3b011da7b6d3750cff8df1b3cc3210790c4847d,2020-07-09T02:16:46Z,Borrow,,
0x9e6ec4e98793970a1307262ba68d37594e58cd78,0xe16985c968123ee7838a1f89b3b011da7b6d3750cff8df1b3cc3210790c4847d,2020-07-09T02:16:46Z,LogBorrow,,
0x9e6ec4e98793970a1307262ba68d37594e58cd78,0x041497be05e62d139bfc14b98944af2c38a331791592d65e2679fbe52042a696,2020-07-09T02:12:27Z,Mint,,
0x9e6ec4e98793970a1307262ba68d37594e58cd78,0x041497be05e62d139bfc14b98944af2c38a331791592d65e2679fbe52042a696,2020-07-09T02:12:27Z,DistributedBorrowerComp,,
0x9e6ec4e98793970a1307262ba68d37594e58cd78,0x041497be05e62d139bfc14b98944af2c38a331791592d65e2679fbe52042a696,2020-07-09T02:12:27Z,Borrow,,
0x9e6ec4e98793970a1307262ba68d37594e58cd78,0x041497be05e62d139bfc14b98944af2c38a331791592d65e2679fbe52042a696,2020-07-09T02:12:27Z,LogBorrow,,
0x9e6ec4e98793970a1307262ba68d37594e58cd78,0x5717d8940cfbe89f577d6d0da7c8bfdfe8c42a90c623825aefc6542cfc5793b6,2020-07-09T00:13:55Z,DistributedBorrowerComp,,
0x9e6ec4e98793970a1307262ba68d37594e58cd78,0x5717d8940cfbe89f577d6d0da7c8bfdfe8c42a90c623825aefc6542cfc5793b6,2020-07-09T00:13:55Z,Borrow,,
0x9e6ec4e98793970a1307262ba68d37594e58cd78,0x5717d8940cfbe89f577d6d0da7c8bfdfe8c42a90c623825aefc6542cfc5793b6,2020-07-09T00:13:55Z,LogPoolBorrow,,
0x9e6ec4e98793970a1307262ba68d37594e58cd78,0x5717d8940cfbe89f577d6d0da7c8bfdfe8c42a90c623825aefc6542cfc5793b6,2020-07-09T00:13:55Z,Mint,,
0x9e6ec4e98793970a1307262ba68d37594e58cd78,0x5717d8940cfbe89f577d6d0da7c8bfdfe8c42a90c623825aefc6542cfc5793b6,2020-07-09T00:13:55Z,Redeem,,
0x9e6ec4e98793970a1307262ba68d37594e58cd78,0x5717d8940cfbe89f577d6d0da7c8bfdfe8c42a90c623825aefc6542cfc5793b6,2020-07-09T00:13:55Z,Mint,,
0x9e6ec4e98793970a1307262ba68d37594e58cd78,0x5717d8940cfbe89f577d6d0da7c8bfdfe8c42a90c623825aefc6542cfc5793b6,2020-07-09T00:13:55Z,Redeem,,
0x9e6ec4e98793970a1307262ba68d37594e58cd78,0x5717d8940cfbe89f577d6d0da7c8bfdfe8c42a90c623825aefc6542cfc5793b6,2020-07-09T00:13:55Z,DistributedBorrowerComp,,
0x9e6ec4e98793970a1307262ba68d37594e58cd78,0x5717d8940cfbe89f577d6d0da7c8bfdfe8c42a90c623825aefc6542cfc5793b6,2020-07-09T00:13:55Z,RepayBorrow,,
0x9e6ec4e98793970a1307262ba68d37594e58cd78,0x3ca25ef5c98d8032eaf4bf96c412aea0873f86ba84c9c2068a84c0727103ee4b,2020-07-07T00:37:17Z,Mint,,
0x9e6ec4e98793970a1307262ba68d37594e58cd78,0x855f6bd5a2728d9767d7e6dc6fe13a4fe5b57aa8b666a1e737832b374857d8a0,2020-07-07T00:30:24Z,Mint,,
0x9e6ec4e98793970a1307262ba68d37594e58cd78,0x855f6bd5a2728d9767d7e6dc6fe13a4fe5b57aa8b666a1e737832b374857d8a0,2020-07-07T00:30:24Z,DistributedBorrowerComp,,
0x9e6ec4e98793970a1307262ba68d37594e58cd78,0x855f6bd5a2728d9767d7e6dc6fe13a4fe5b57aa8b666a1e737832b374857d8a0,2020-07-07T00:30:24Z,Borrow,,
0x9e6ec4e98793970a1307262ba68d37594e58cd78,0x855f6bd5a2728d9767d7e6dc6fe13a4fe5b57aa8b666a1e737832b374857d8a0,2020-07-07T00:30:24Z,LogBorrow,,
0x9e6ec4e98793970a1307262ba68d37594e58cd78,0xa3e35a4247994eac91e800688ca82cdc06fa58df4a719c0f767b5d612f1d450d,2020-07-07T00:02:05Z,Mint,,
0x9e6ec4e98793970a1307262ba68d37594e58cd78,0xa3e35a4247994eac91e800688ca82cdc06fa58df4a719c0f767b5d612f1d450d,2020-07-07T00:02:05Z,DistributedBorrowerComp,,
0x9e6ec4e98793970a1307262ba68d37594e58cd78,0xa3e35a4247994eac91e800688ca82cdc06fa58df4a719c0f767b5d612f1d450d,2020-07-07T00:02:05Z,Borrow,,
0x9e6ec4e98793970a1307262ba68d37594e58cd78,0xa3e35a4247994eac91e800688ca82cdc06fa58df4a719c0f767b5d612f1d450d,2020-07-07T00:02:05Z,LogBorrow,,
0x9e6ec4e98793970a1307262ba68d37594e58cd78,0x154ce2c20019e7235aaf3f49231beb47d819d078f398ebd02599278d17bb6490,2020-07-06T23:52:33Z,Mint,,
0x9e6ec4e98793970a1307262ba68d37594e58cd78,0x154ce2c20019e7235aaf3f49231beb47d819d078f398ebd02599278d17bb6490,2020-07-06T23:52:33Z,DistributedBorrowerComp,,
0x9e6ec4e98793970a1307262ba68d37594e58cd78,0x154ce2c20019e7235aaf3f49231beb47d819d078f398ebd02599278d17bb6490,2020-07-06T23:52:33Z,Borrow,,
0x9e6ec4e98793970a1307262ba68d37594e58cd78,0x154ce2c20019e7235aaf3f49231beb47d819d078f398ebd02599278d17bb6490,2020-07-06T23:52:33Z,LogBorrow,,
0x9e6ec4e98793970a1307262ba68d37594e58cd78,0x4f505f23c484fb94511b1c1902a040749aeeb7477cca72cadf5e773b98ca618e,2020-07-06T23:46:33Z,DistributedBorrowerComp,,
0x9e6ec4e98793970a1307262ba68d37594e58cd78,0x4f505f23c484fb94511b1c1902a040749aeeb7477cca72cadf5e773b98ca618e,2020-07-06T23:46:33Z,Borrow,,
0x9e6ec4e98793970a1307262ba68d37594e58cd78,0x4f505f23c484fb94511b1c1902a040749aeeb7477cca72cadf5e773b98ca618e,2020-07-06T23:46:33Z,LogBorrow,,
0x9e6ec4e98793970a1307262ba68d37594e58cd78,0xed7b11f7a56dc20057b13d0fc899885414bbfaf3586f7f49c051e3bf61af0538,2020-07-06T23:37:43Z,Mint,,
0x9e6ec4e98793970a1307262ba68d37594e58cd78,0xed7b11f7a56dc20057b13d0fc899885414bbfaf3586f7f49c051e3bf61af0538,2020-07-06T23:37:43Z,DistributedBorrowerComp,,
0x9e6ec4e98793970a1307262ba68d37594e58cd78,0xed7b11f7a56dc20057b13d0fc899885414bbfaf3586f7f49c051e3bf61af0538,2020-07-06T23:37:43Z,Borrow,,
0x9e6ec4e98793970a1307262ba68d37594e58cd78,0xed7b11f7a56dc20057b13d0fc899885414bbfaf3586f7f49c051e3bf61af0538,2020-07-06T23:37:43Z,LogBorrow,,
0x9e6ec4e98793970a1307262ba68d37594e58cd78,0xc6f845d64d434f1e8c47b5eb406de2caf6ed6b19c4d55bcb1b7aaa40cfa4bb97,2020-07-06T16:54:40Z,DistributedBorrowerComp,,
0x9e6ec4e98793970a1307262ba68d37594e58cd78,0xc6f845d64d434f1e8c47b5eb406de2caf6ed6b19c4d55bcb1b7aaa40cfa4bb97,2020-07-06T16:54:40Z,Borrow,,
0x9e6ec4e98793970a1307262ba68d37594e58cd78,0xc6f845d64d434f1e8c47b5eb406de2caf6ed6b19c4d55bcb1b7aaa40cfa4bb97,2020-07-06T16:54:40Z,LogPoolBorrow,,
0x9e6ec4e98793970a1307262ba68d37594e58cd78,0xc6f845d64d434f1e8c47b5eb406de2caf6ed6b19c4d55bcb1b7aaa40cfa4bb97,2020-07-06T16:54:40Z,DistributedBorrowerComp,,
0x9e6ec4e98793970a1307262ba68d37594e58cd78,0xc6f845d64d434f1e8c47b5eb406de2caf6ed6b19c4d55bcb1b7aaa40cfa4bb97,2020-07-06T16:54:40Z,RepayBorrow,,
0x9e6ec4e98793970a1307262ba68d37594e58cd78,0xc6f845d64d434f1e8c47b5eb406de2caf6ed6b19c4d55bcb1b7aaa40cfa4bb97,2020-07-06T16:54:40Z,Borrow,,
0x9e6ec4e98793970a1307262ba68d37594e58cd78,0xc6f845d64d434f1e8c47b5eb406de2caf6ed6b19c4d55bcb1b7aaa40cfa4bb97,2020-07-06T16:54:40Z,LogBorrow,,
0x9e6ec4e98793970a1307262ba68d37594e58cd78,0xc6f845d64d434f1e8c47b5eb406de2caf6ed6b19c4d55bcb1b7aaa40cfa4bb97,2020-07-06T16:54:40Z,DistributedBorrowerComp,,
0x9e6ec4e98793970a1307262ba68d37594e58cd78,0xc6f845d64d434f1e8c47b5eb406de2caf6ed6b19c4d55bcb1b7aaa40cfa4bb97,2020-07-06T16:54:40Z,RepayBorrow,,
0xa7e94d933eb0c439dda357f61244a485246e97b8,0x7348c6891f724ce656761af38ea7ad0e71452fe3dbc620b79cd19c272e7f3b3c,2019-10-08T22:50:23Z,Redeem,,
0xa7e94d933eb0c439dda357f61244a485246e97b8,0x566d6641b578938d8517624314275d5d7999529ad112e40ff089c2dafc8cb593,2019-10-02T08:38:43Z,Mint,,
0xa7f3c74f0255796fd5d3ddcf88db769f7a6bf46a,0x4b53b94fae8a286b114c54200599b95c191f180228a3b3a2607e0c196a38c6cd,2024-03-17T02:41:59Z,ReserveUsedAsCollateralDisabled,,
0xa7f3c74f0255796fd5d3ddcf88db769f7a6bf46a,0x1dc761047e05274021f5ae1bfe23d9d6430cdd557ec04748e7dd659dd27b2caa,2024-03-03T03:51:35Z,Repay,,671590041404
0xa7f3c74f0255796fd5d3ddcf88db769f7a6bf46a,0xa2a3e14d9945bc0a52a47b1588af1c78405ffa1e31d64ea89c432bdcc7bd59da,2024-02-25T02:24:35Z,Mint,,
0xa7f3c74f0255796fd5d3ddcf88db769f7a6bf46a,0xf29a024f48cafc84aa26cb27010676d8bf46562c56d19a1f08a503e9324cd9ab,2024-02-25T02:21:59Z,Mint,,
0xa7f3c74f0255796fd5d3ddcf88db769f7a6bf46a,0xf29a024f48cafc84aa26cb27010676d8bf46562c56d19a1f08a503e9324cd9ab,2024-02-25T02:21:59Z,Borrow,,670000000000
0xa7f3c74f0255796fd5d3ddcf88db769f7a6bf46a,0x5fefe317248cdd1dbd837f81db17e8f0b44930b5e5ae476f00dfdfb920e5b2c8,2024-02-14T20:42:47Z,Repay,,251108520091
0xa7f3c74f0255796fd5d3ddcf88db769f7a6bf46a,0x9fb6ba77ba03f4a454930a649a7143ba09eb8dc23ca0a0f9e80a7a1ae390f033,2024-01-25T00:24:59Z,Mint,,
0xa7f3c74f0255796fd5d3ddcf88db769f7a6bf46a,0xd4dddbaf889488dd6f955b04c3df948988ae01772c169d1b683c0a09a473a41e,2024-01-25T00:20:23Z,Mint,,
0xa7f3c74f0255796fd5d3ddcf88db769f7a6bf46a,0xd4dddbaf889488dd6f955b04c3df948988ae01772c169d1b683c0a09a473a41e,2024-01-25T00:20:23Z,Borrow,,250000000000
0xa98dc64bb42575efec7d1e4560c029231ce5da51,0x865dd1b2dda5b5ce37ca7c5d70e609e8c7bf374ede0b0a19dfdad0f95de3cd43,2020-11-01T17:23:28Z,Mint,,
0xa98dc64bb42575efec7d1e4560c029231ce5da51,0x3d2c366815237f466d3468c6acb3e123a32f32d4542aebab71345aa8d1b5c487,2019-07-30T22:45:56Z,Mint,,5751995212883851
0xa98dc64bb42575efec7d1e4560c029231ce5da51,0x3d2c366815237f466d3468c6acb3e123a32f32d4542aebab71345aa8d1b5c487,2019-07-30T22:45:56Z,Mint,,60000000000000000
0xb271ff7090b39028eb6e711c3f89a3453d5861ee,0x50cd35de8c8da3a465b58892e303fe09ab22d2ada34c44305f4cace90ba839c4,2020-10-18T02:45:58Z,Mint,,
0xb271ff7090b39028eb6e711c3f89a3453d5861ee,0x1ac718761e0de5fcc932df431022d8e7d59b6382e54437a7afbbff9897c2757c,2020-10-18T02:43:51Z,Mint,,
0xb271ff7090b39028eb6e711c3f89a3453d5861ee,0x25d8d30a56ed84dff9c88953408fa7fd28ae8daf06db33b74b657c0616ff5965,2020-10-18T02:42:09Z,Mint,,
0xb475576594ae44e1f75f534f993cbb7673e4c8b6,0x1d8f6a7690188f33c0b6b39e40961a91c9237e218384e3e5f52eaaeb932cc969,2020-11-08T21:10:43Z,Mint,,
0xb57297c5d02def954794e593db93d0a302e43e5c,0x9298157605e9fccd7fcfd2a281576b192c4477cdde3a87c40f30abed0fec6037,2020-11-17T09:40:15Z,Mint,,
0xb57297c5d02def954794e593db93d0a302e43e5c,0x0e3305da21830b235094905705431284a36159d5dcb5b1b0eede71cdd376b344,2020-11-17T09:06:06Z,Mint,,
0xc179d55f7e00e789915760f7d260a1bf6285278b,0x5821d86a8a564c9cf9c1c2fec633045c40918e13461f07e1f650eae1c40812be,2020-12-13T16:48:27Z,Mint,,
0xc179d55f7e00e789915760f7d260a1bf6285278b,0x8a75c3cef739ed54d0105338c114ec3123956d3c3d5a2dc2a93cabae6a8fa6ea,2020-12-13T15:10:14Z,Mint,,
0xc22b8e78394ce52e0034609a67ae3c959daa84bc,0x6af423751d539c777bc441bd51adb4ae1a0ec2760022aed9225f38fbef1f6939,2021-01-18T23:40:53Z,Redeem,,
0xc22b8e78394ce52e0034609a67ae3c959daa84bc,0x76befdeab09ed113ebdeccc08fcf610132327c679487d147cae0680c407aab36,2021-01-16T17:37:52Z,Mint,,
0xc22b8e78394ce52e0034609a67ae3c959daa84bc,0x39a64402b4642a2cc679a06f031d846d9077c86cc02115e1fbe492c7d77e4ebe,2021-01-13T23:01:31Z,Mint,,
0xcbbd9fe837a14258286bbf2e182cbc4e4518c5a3,0xe7e4746468bf46616fe05cfd385dddafb559d75389b9e4596244daed92c86a54,2021-03-29T23:47:33Z,Redeem,,
0xcbbd9fe837a14258286bbf2e182cbc4e4518c5a3,0x7252285488ea813162eb990c1544c584fd839c38226aa8950dba3e9f4fc4dd1f,2021-03-29T23:45:06Z,DistributedBorrowerComp,,
0xcbbd9fe837a14258286bbf2e182cbc4e4518c5a3,0x7252285488ea813162eb990c1544c584fd839c38226aa8950dba3e9f4fc4dd1f,2021-03-29T23:45:06Z,RepayBorrow,,
0xcbbd9fe837a14258286bbf2e182cbc4e4518c5a3,0x9c4f7459aded7ba8dd6cadb37bae20402bec60b71a7a497bddbfc94d6406c087,2021-02-07T15:04:45Z,Redeem,,
0xcbbd9fe837a14258286bbf2e182cbc4e4518c5a3,0x91b8c927fdbb85ee89e542c63f899dcbeafc282de37d11d6f2a226dad01db8b9,2020-12-24T03:58:27Z,Mint,,
0xcbbd9fe837a14258286bbf2e182cbc4e4518c5a3,0xdee0be213569c004c1fba4e1d733fd2543309abfd69d5a7f3343c18036ea397e,2020-12-16T14:20:02Z,DistributedBorrowerComp,,
0xcbbd9fe837a14258286bbf2e182cbc4e4518c5a3,0xdee0be213569c004c1fba4e1d733fd2543309abfd69d5a7f3343c18036ea397e,2020-12-16T14:20:02Z,Borrow,,
0xcbbd9fe837a14258286bbf2e182cbc4e4518c5a3,0x922722042f1de3517f7b9537de15c8ee618026f5c28bfcb2269a0f3798c807db,2020-12-14T03:10:29Z,Mint,,
0xcbbd9fe837a14258286bbf2e182cbc4e4518c5a3,0x7e504de2b5acf187e47c40a39ae5d3718737f233166dcb9a6df1bb5b573580ad,2020-12-12T23:18:55Z,Redeem,,
0xcbbd9fe837a14258286bbf2e182cbc4e4518c5a3,0xa775d22108d498bc80c935cd953a609983e15279995ebe7e1e213f9c6f418d49,2020-12-02T13:14:14Z,DistributedBorrowerComp,,
0xcbbd9fe837a14258286bbf2e182cbc4e4518c5a3,0xa775d22108d498bc80c935cd953a609983e15279995ebe7e1e213f9c6f418d49,2020-12-02T13:14:14Z,RepayBorrow,,
0xcecf5163bb057c1aff4963d9b9a7d2f0bf591710,0x3687501b2a64ab629210db7dccf61802c9661549c3647f148f0bb7641cc71a5e,2020-12-05T20:40:11Z,Mint,,
0xcecf5163bb057c1aff4963d9b9a7d2f0bf591710,0xb194c55d036e69ff1d6c1cc888afc9bb51a8d3202b76853d4f639823e4be53a7,2020-11-22T05:34:11Z,Mint,,
0xcf0033bf27804640e5339e06443e208db5870dd2,0x561c5cffbd8b2c0bb69a90677e698bab7c7b60166a654e786ca5b5760c9eb5ec,2020-11-09T09:30:34Z,Mint,,
0xd0df53e296c1e3115fccc3d7cdf4ba495e593b56,0x53af5fb9bf23a05d7ccb6afa1726c11c2fd10e7a783422fc4835f36383700bf4,2020-11-17T21:21:17Z,Mint,,
0xd1a3888fd8f490367c6104e10b4154427c02dd9c,0x89cef373376a9b11d1fc7a10ee2fc949f2514a4d26436de863eaa50e435ccbd0,2020-11-01T06:58:15Z,Mint,,
0xd334d18fa6bada9a10f361bae42a019ce88a3c33,0x477c46a45af88828a97e8bc20286dff1334431dd2f9dc3fe1863d1154fdb3337,2020-11-19T08:23:33Z,Mint,,
0xd334d18fa6bada9a10f361bae42a019ce88a3c33,0x32f084b72ae8bc9ade8484bdad0c08743f176feaa63146708f01ad1b791ac69b,2020-11-19T06:59:39Z,Mint,,
0xd9d3930ffa343f5a0eec7606d045d0843d3a02b4,0x6c9b8be255a37f9a3e14e9ad7ce4f02938baaaf78c1f03dfc0c5f5d6038c52ee,2020-12-11T09:42:02Z,Mint,,
0xde92d70253604fd8c5998c8ee3ed282a41b33b7f,0x250f306707d8adf86be1bc2d96d8649211bca86e5abd0b857d90fd6a20bdd24d,2020-11-20T20:51:29Z,Mint,,
0xded1f838ae6aa5fcd0f13481b37ee88e5bdccb3d,0x733522d61a8782ef6c3c6be3597f9ce13999c9b2ed5bb2becce5352dd6313724,2020-12-14T06:48:14Z,Mint,,
0xded1f838ae6aa5fcd0f13481b37ee88e5bdccb3d,0x1168593b828befaab22c58b01e013ff3e25d0cffad9e185699d2bd029dd145ca,2020-12-14T06:47:09Z,Mint,,
0xebb8629e8a3ec86cf90cb7600264415640834483,0xd0e759910f581b3f036497437d97a22a84c1927f4688afac2c4d278ca845506d,2021-11-22T19:32:31Z,Mint,,
0xeded1c8c0a0c532195b8432153f3bfa81dba2a90,0xf38c2a86fcb849a0d654de60fcf5441cb64fe757e535d22581a449f0f3776ce9,2021-07-18T17:46:12Z,Mint,,
0xf10fd8921019615a856c1e95c7cd3632de34edc4,0xd1e56b1ff1b5d509fb9f64530290ae7a6e0072ad9375254e4c7503e6ebc51c30,2020-09-20T12:38:15Z,Redeem,,
0xf10fd8921019615a856c1e95c7cd3632de34edc4,0x086275af4e7daacb98d90d4cd85c67fb9ebe4da4610dc0f34d48173b273f3703,2020-07-05T12:54:20Z,Mint,,
0xf54f36bca969800fd7d63a68029561309938c09b,0x1aec5c2af00befe24af97892334de1b8d8b2dc1c0b8dcdc70a65d684db149ef2,2020-12-14T07:49:21Z,Mint,,
0xf60304b534f74977e159b2e159e135475c245526,0x92fb25d9c801a117d22faa15ddef79682561c7e0bde4b309874078d684528f8a,2020-03-21T15:53:16Z,Redeem,,
0xf60304b534f74977e159b2e159e135475c245526,0x92fb25d9c801a117d22faa15ddef79682561c7e0bde4b309874078d684528f8a,2020-03-21T15:53:16Z,Redeem,,
0xf60304b534f74977e159b2e159e135475c245526,0x83ddbf6fb07694b81bb415ee1d9623c4161f4a14db628c7a142907740c449dba,2020-03-21T14:54:41Z,Mint,,
0xf60304b534f74977e159b2e159e135475c245526,0x83ddbf6fb07694b81bb415ee1d9623c4161f4a14db628c7a142907740c449dba,2020-03-21T14:54:41Z,Mint,,
0xf60304b534f74977e159b2e159e135475c245526,0x35bcb91c02dec68afb50ddf288cb2f7a91fd8a3b51754de6f60b0d97489957b9,2020-02-19T22:48:39Z,Redeem,,
0xf60304b534f74977e159b2e159e135475c245526,0x35bcb91c02dec68afb50ddf288cb2f7a91fd8a3b51754de6f60b0d97489957b9,2020-02-19T22:48:39Z,Redeem,,
0xf60304b534f74977e159b2e159e135475c245526,0x854ba92219e1b2d3c4e7cc77ae0152619862c1a050f14a2b7d395a7f4edca483,2020-02-19T22:24:03Z,Mint,,
0xf60304b534f74977e159b2e159e135475c245526,0x854ba92219e1b2d3c4e7cc77ae0152619862c1a050f14a2b7d395a7f4edca483,2020-02-19T22:24:03Z,Mint,,
0xf60304b534f74977e159b2e159e135475c245526,0x854ba92219e1b2d3c4e7cc77ae0152619862c1a050f14a2b7d395a7f4edca483,2020-02-19T22:24:03Z,Mint,,
0xf60304b534f74977e159b2e159e135475c245526,0x854ba92219e1b2d3c4e7cc77ae0152619862c1a050f14a2b7d395a7f4edca483,2020-02-19T22:24:03Z,Mint,,
0xf60304b534f74977e159b2e159e135475c245526,0x854ba92219e1b2d3c4e7cc77ae0152619862c1a050f14a2b7d395a7f4edca483,2020-02-19T22:24:03Z,Mint,,
0xf60304b534f74977e159b2e159e135475c245526,0x854ba92219e1b2d3c4e7cc77ae0152619862c1a050f14a2b7d395a7f4edca483,2020-02-19T22:24:03Z,Mint,,
0xf60304b534f74977e159b2e159e135475c245526,0x854ba92219e1b2d3c4e7cc77ae0152619862c1a050f14a2b7d395a7f4edca483,2020-02-19T22:24:03Z,Mint,,
0xf60304b534f74977e159b2e159e135475c245526,0x854ba92219e1b2d3c4e7cc77ae0152619862c1a050f14a2b7d395a7f4edca483,2020-02-19T22:24:03Z,Mint,,
0xf60304b534f74977e159b2e159e135475c245526,0x854ba92219e1b2d3c4e7cc77ae0152619862c1a050f14a2b7d395a7f4edca483,2020-02-19T22:24:03Z,Mint,,
0xf60304b534f74977e159b2e159e135475c245526,0x854ba92219e1b2d3c4e7cc77ae0152619862c1a050f14a2b7d395a7f4edca483,2020-02-19T22:24:03Z,Mint,,
0xf60304b534f74977e159b2e159e135475c245526,0x854ba92219e1b2d3c4e7cc77ae0152619862c1a050f14a2b7d395a7f4edca483,2020-02-19T22:24:03Z,Mint,,
0xf60304b534f74977e159b2e159e135475c245526,0x854ba92219e1b2d3c4e7cc77ae0152619862c1a050f14a2b7d395a7f4edca483,2020-02-19T22:24:03Z,Mint,,
0xf60304b534f74977e159b2e159e135475c245526,0x854ba92219e1b2d3c4e7cc77ae0152619862c1a050f14a2b7d395a7f4edca483,2020-02-19T22:24:03Z,Mint,,
0xf60304b534f74977e159b2e159e135475c245526,0x854ba92219e1b2d3c4e7cc77ae0152619862c1a050f14a2b7d395a7f4edca483,2020-02-19T22:24:03Z,Mint,,
0xf60304b534f74977e159b2e159e135475c245526,0x854ba92219e1b2d3c4e7cc77ae0152619862c1a050f14a2b7d395a7f4edca483,2020-02-19T22:24:03Z,Mint,,
0xf60304b534f74977e159b2e159e135475c245526,0x854ba92219e1b2d3c4e7cc77ae0152619862c1a050f14a2b7d395a7f4edca483,2020-02-19T22:24:03Z,Mint,,
0xf60304b534f74977e159b2e159e135475c245526,0x854ba92219e1b2d3c4e7cc77ae0152619862c1a050f14a2b7d395a7f4edca483,2020-02-19T22:24:03Z,Mint,,
0xf60304b534f74977e159b2e159e135475c245526,0x854ba92219e1b2d3c4e7cc77ae0152619862c1a050f14a2b7d395a7f4edca483,2020-02-19T22:24:03Z,Mint,,
0xf60304b534f74977e159b2e159e135475c245526,0x854ba92219e1b2d3c4e7cc77ae0152619862c1a050f14a2b7d395a7f4edca483,2020-02-19T22:24:03Z,Mint,,
0xf60304b534f74977e159b2e159e135475c245526,0x854ba92219e1b2d3c4e7cc77ae0152619862c1a050f14a2b7d395a7f4edca483,2020-02-19T22:24:03Z,Mint,,
0xf60304b534f74977e159b2e159e135475c245526,0x854ba92219e1b2d3c4e7cc77ae0152619862c1a050f14a2b7d395a7f4edca483,2020-02-19T22:24:03Z,Mint,,
0xf60304b534f74977e159b2e159e135475c245526,0x854ba92219e1b2d3c4e7cc77ae0152619862c1a050f14a2b7d395a7f4edca483,2020-02-19T22:24:03Z,Mint,,
0xf60304b534f74977e159b2e159e135475c245526,0x854ba92219e1b2d3c4e7cc77ae0152619862c1a050f14a2b7d395a7f4edca483,2020-02-19T22:24:03Z,Mint,,
0xf60304b534f74977e159b2e159e135475c245526,0x854ba92219e1b2d3c4e7cc77ae0152619862c1a050f14a2b7d395a7f4edca483,2020-02-19T22:24:03Z,Mint,,
0xf60304b534f74977e159b2e159e135475c245526,0x854ba92219e1b2d3c4e7cc77ae0152619862c1a050f14a2b7d395a7f4edca483,2020-02-19T22:24:03Z,Mint,,
0xf60304b534f74977e159b2e159e135475c245526,0x854ba92219e1b2d3c4e7cc77ae0152619862c1a050f14a2b7d395a7f4edca483,2020-02-19T22:24:03Z,Mint,,
0xf60304b534f74977e159b2e159e135475c245526,0x854ba92219e1b2d3c4e7cc77ae0152619862c1a050f14a2b7d395a7f4edca483,2020-02-19T22:24:03Z,Mint,,
0xf60304b534f74977e159b2e159e135475c245526,0x854ba92219e1b2d3c4e7cc77ae0152619862c1a050f14a2b7d395a7f4edca483,2020-02-19T22:24:03Z,Mint,,
0xf60304b534f74977e159b2e159e135475c245526,0x854ba92219e1b2d3c4e7cc77ae0152619862c1a050f14a2b7d395a7f4edca483,2020-02-19T22:24:03Z,Mint,,
0xf60304b534f74977e159b2e159e135475c245526,0x854ba92219e1b2d3c4e7cc77ae0152619862c1a050f14a2b7d395a7f4edca483,2020-02-19T22:24:03Z,Mint,,
0xf60304b534f74977e159b2e159e135475c245526,0x854ba92219e1b2d3c4e7cc77ae0152619862c1a050f14a2b7d395a7f4edca483,2020-02-19T22:24:03Z,Mint,,
0xf60304b534f74977e159b2e159e135475c245526,0x854ba92219e1b2d3c4e7cc77ae0152619862c1a050f14a2b7d395a7f4edca483,2020-02-19T22:24:03Z,Mint,,
0xf60304b534f74977e159b2e159e135475c245526,0x854ba92219e1b2d3c4e7cc77ae0152619862c1a050f14a2b7d395a7f4edca483,2020-02-19T22:24:03Z,Mint,,
0xf60304b534f74977e159b2e159e135475c245526,0x854ba92219e1b2d3c4e7cc77ae0152619862c1a050f14a2b7d395a7f4edca483,2020-02-19T22:24:03Z,Mint,,
0xf60304b534f74977e159b2e159e135475c245526,0x854ba92219e1b2d3c4e7cc77ae0152619862c1a050f14a2b7d395a7f4edca483,2020-02-19T22:24:03Z,Mint,,
0xf60304b534f74977e159b2e159e135475c245526,0x854ba92219e1b2d3c4e7cc77ae0152619862c1a050f14a2b7d395a7f4edca483,2020-02-19T22:24:03Z,Mint,,
0xf60304b534f74977e159b2e159e135475c245526,0x854ba92219e1b2d3c4e7cc77ae0152619862c1a050f14a2b7d395a7f4edca483,2020-02-19T22:24:03Z,Mint,,
0xf60304b534f74977e159b2e159e135475c245526,0x854ba92219e1b2d3c4e7cc77ae0152619862c1a050f14a2b7d395a7f4edca483,2020-02-19T22:24:03Z,Mint,,
0xf60304b534f74977e159b2e159e135475c245526,0x854ba92219e1b2d3c4e7cc77ae0152619862c1a050f14a2b7d395a7f4edca483,2020-02-19T22:24:03Z,Mint,,
0xf60304b534f74977e159b2e159e135475c245526,0x854ba92219e1b2d3c4e7cc77ae0152619862c1a050f14a2b7d395a7f4edca483,2020-02-19T22:24:03Z,Mint,,
0xf60304b534f74977e159b2e159e135475c245526,0x854ba92219e1b2d3c4e7cc77ae0152619862c1a050f14a2b7d395a7f4edca483,2020-02-19T22:24:03Z,Mint,,
0xf60304b534f74977e159b2e159e135475c245526,0x854ba92219e1b2d3c4e7cc77ae0152619862c1a050f14a2b7d395a7f4edca483,2020-02-19T22:24:03Z,Mint,,
0xf60304b534f74977e159b2e159e135475c245526,0x854ba92219e1b2d3c4e7cc77ae0152619862c1a050f14a2b7d395a7f4edca483,2020-02-19T22:24:03Z,Mint,,
0xf60304b534f74977e159b2e159e135475c245526,0x854ba92219e1b2d3c4e7cc77ae0152619862c1a050f14a2b7d395a7f4edca483,2020-02-19T22:24:03Z,Mint,,
0xf60304b534f74977e159b2e159e135475c245526,0x854ba92219e1b2d3c4e7cc77ae0152619862c1a050f14a2b7d395a7f4edca483,2020-02-19T22:24:03Z,Mint,,
0xf60304b534f74977e159b2e159e135475c245526,0x854ba92219e1b2d3c4e7cc77ae0152619862c1a050f14a2b7d395a7f4edca483,2020-02-19T22:24:03Z,Mint,,
0xf60304b534f74977e159b2e159e135475c245526,0x854ba92219e1b2d3c4e7cc77ae0152619862c1a050f14a2b7d395a7f4edca483,2020-02-19T22:24:03Z,Mint,,
0xf60304b534f74977e159b2e159e135475c245526,0x8a8f3d7af9bcb630961a695e2a9ee62d4955f17ee80b793497acfd30ddab70d5,2020-02-18T06:41:44Z,Mint,,
0xf60304b534f74977e159b2e159e135475c245526,0x46f84073017028d59ed61e2e0c99fe66d8b6947644310e052b9d89910488d410,2020-02-07T18:16:26Z,Redeem,,
0xf60304b534f74977e159b2e159e135475c245526,0x6dce73074228cf841cb7367b40ccf0c73ef985540e4beb2ac82b6e0df6bc149c,2020-02-07T13:35:18Z,Mint,,
0xf60304b534f74977e159b2e159e135475c245526,0x0ae3902676b1d9e4df48eb24b251be6c0fc7630df436d24fa542fd3c859d57c9,2020-02-07T10:58:58Z,Redeem,,
0xf60304b534f74977e159b2e159e135475c245526,0xdcb61c6b1150cbabf7fc75b0ca9218a227ec851c7f3b139360e86f79747822e3,2020-02-06T07:17:11Z,Mint,,
0xf60304b534f74977e159b2e159e135475c245526,0x89ba1f973f97ab62b3989d92f25cca1ef0b4723b1cc86d16c42f60fc31858a19,2020-02-06T07:11:32Z,Mint,,
0xf67e8e5805835465f7eba988259db882ab726800,0xcf94baf33bee99193a0c7dc72394b876ff407d53a05dcfbe30d0ee0ec6cd2f40,2020-12-17T23:22:54Z,Mint,,
0xf7aa5d0752cfcd41b0a5945867d619a80c405e52,0x281486ce415822f21d9d870789b329637523ba95beade8a58ec82938b67e8584,2020-10-31T19:42:17Z,Mint,,
0xf80a8b9cfff0febf49914c269fb8aead4a22f847,0x75b7f8f966931c0b69d201dcecf6302c279e808db44655d855152cbab1f2446d,2020-08-19T03:14:28Z,Redeem,,
0xf80a8b9cfff0febf49914c269fb8aead4a22f847,0xcf268075f077ac91832d1967436ee9c7a5ab2336b1e4ad7a933fcc6bc8ba8e05,2020-07-30T07:20:58Z,Mint,,
0xf80a8b9cfff0febf49914c269fb8aead4a22f847,0x546b0cdf51fb71d5ad0c77c5234e5c342c1b44a627d02ced4fa10673442e1852,2020-07-30T02:44:20Z,Mint,,
0xfe5a05c0f8b24fca15a7306f6a4ebb7dcf2186ac,0xe76b49f4a25d49d8e5279e905ca683488f1a21313e57393f57124634bdcd7761,2020-10-21T18:51:46Z,Mint,,
